:020000040800F2
:1000000000000220658200081D800008258000088D
:100010002D800008358000083D80000800000000A9
:10002000000000000000000000000000410F010877
:1000300045800008000000009111010819DE000849
:10004000B5820008B5820008B5820008B5820008B4
:10005000B5820008B5820008B5820008B5820008A4
:10006000B5820008B5820008B5820008B582000894
:10007000B5820008B5820008B5820008B582000884
:100080005580000869800008B5820008B582000824
:10009000B5820008B5820008B5820008B582000864
:1000A000B5820008B5820008B5820008B582000854
:1000B000B5820008B5820008B5820008B582000844
:1000C000B5820008B5820008B5820008B582000834
:1000D000B5820008B58200087D800008B58200085E
:1000E000B5820008B5820008B5820008B582000814
:1000F000B5820008B5820008B5820008B582000804
:10010000B5820008B5820008B5820008B5820008F3
:10011000B5820008B582000891800008B582000809
:10012000B5820008B5820008B5820008B5820008D3
:10013000B58200080000000000000000B582000841
:10014000B5820008B5820008B5820008B5820008B3
:10015000B5820008B5820008B5820008B5820008A3
:10016000B5820008B5820008B5820008B582000893
:10017000B5820008B5820008000000000000000001
:08018000B5820008A58000080B
:1001900010B5054C237833B9044B13B10448AFF3C1
:1001A00000800123237010BD140400200000000013
:1001B0001053010808B5034B1BB103490348AFF3C3
:1001C000008008BD00000000180400201053010842
:1001D00001F0FF01102A2BDB10F0070F08D010F8F8
:1001E000013B013A8B422DD010F0070F42B3F6D1FC
:1001F000F0B441EA012141EA014122F007047FF015
:1002000000070023F0E80256083C85EA010586EA6B
:10021000010685FA47F5A3FA87F586FA47F6A5FAA7
:1002200087F68EB9EED1F0BC01F0FF0102F00702B3
:1002300032B110F8013B013A83EA010313B1F8D15E
:100240000020704701387047002D06BF354603383F
:10025000073815F0010F07D1013015F4807F02BF78
:10026000013015F4C03F0130F0BC0138704700BFC9
:10027000034613F8012B002AFBD1181A01387047E6
:1002800081F0004102E000BF83F0004330B54FEA47
:1002900041044FEA430594EA050F08BF90EA020FB4
:1002A0001FBF54EA000C55EA020C7FEA645C7FEA47
:1002B000655C00F0E2804FEA5454D4EB5555B8BF6A
:1002C0006D420CDD2C4480EA020281EA030382EADB
:1002D000000083EA010180EA020281EA0303362D6D
:1002E00088BF30BD11F0004F4FEA01314FF4801C40
:1002F0004CEA113102D0404261EB410113F0004F52
:100300004FEA03334CEA133302D0524263EB430308
:1003100094EA050F00F0A780A4F10104D5F1200EA6
:100320000DDB02FA0EFC22FA05F2801841F1000101
:1003300003FA0EF2801843FA05F359410EE0A5F1D5
:1003400020050EF1200E012A03FA0EFC28BF4CF006
:10035000020C43FA05F3C01851EBE37101F00045BC
:1003600007D54FF0000EDCF1000C7EEB00006EEBC9
:100370000101B1F5801F1BD3B1F5001F0CD3490853
:100380005FEA30004FEA3C0C04F101044FEA4452AA
:1003900012F5800F80F09A80BCF1004F08BF5FEA31
:1003A000500C50F1000041EB045141EA050130BD11
:1003B0005FEA4C0C404141EB0101013C28BFB1F523
:1003C000801FE9D291F0000F04BF01460020B1FA6E
:1003D00081F308BF2033A3F10B03B3F120020CDA41
:1003E0000C3208DD02F1140CC2F10C0201FA0CF01F
:1003F00021FA02F10CE002F11402D8BFC2F1200C84
:1004000001FA02F120FA0CFCDCBF41EA0C01904039
:10041000E41AA2BF01EB0451294330BD6FEA040482
:100420001F3C1CDA0C340EDC04F11404C4F120026D
:1004300020FA04F001FA02F340EA030021FA04F37F
:1004400045EA030130BDC4F10C04C4F1200220FAD6
:1004500002F001FA04F340EA0300294630BD21FA14
:1004600004F0294630BD94F0000F83F4801306BFDA
:1004700081F480110134013D4EE77FEA645C18BFCE
:100480007FEA655C29D094EA050F08BF90EA020F65
:1004900005D054EA000C04BF1946104630BD91EA5D
:1004A000030F1EBF0021002030BD5FEA545C05D160
:1004B0004000494128BF41F0004130BD14F580049F
:1004C0003CBF01F5801130BD01F0004545F0FE4113
:1004D00041F470014FF0000030BD7FEA645C1ABF48
:1004E000194610467FEA655C1CBF0B46024650EA7F
:1004F000013406BF52EA033591EA030F41F40021AB
:1005000030BD00BF90F0000F04BF0021704730B530
:100510004FF4806404F132044FF000054FF0000105
:1005200050E700BF90F0000F04BF0021704730B5C6
:100530004FF4806404F1320410F0004548BF40429B
:100540004FF000013EE700BF42004FEAE2014FEAF0
:1005500031014FEA02701FBF12F07F4393F07F4FCB
:1005600081F06051704732F07F4208BF704793F0CE
:100570007F4F04BF41F40021704730B54FF46074E1
:1005800001F0004521F000411CE700BF50EA0102E4
:1005900008BF704730B54FF000050AE050EA01028D
:1005A00008BF704730B511F0004502D5404261EBFD
:1005B00041014FF4806404F132045FEA915C3FF43E
:1005C000D8AE4FF003025FEADC0C18BF03325FEADB
:1005D000DC0C18BF033202EBDC02C2F1200300FA8C
:1005E00003FC20FA02F001FA03FE40EA0E0021FAB1
:1005F00002F11444BDE600BF70B54FF0FF0C4CF49F
:10060000E06C1CEA11541DBF1CEA135594EA0C0F50
:1006100095EA0C0F00F0DEF82C4481EA030621EA8B
:100620004C5123EA4C5350EA013518BF52EA0335C6
:1006300041F4801143F4801338D0A0FB02CE4FF078
:100640000005E1FB02E506F00042E0FB03E54FF0A8
:100650000006E1FB03569CF0000F18BF4EF0010EA0
:10066000A4F1FF04B6F5007F64F5407404D25FEA9C
:100670004E0E6D4146EB060642EAC62141EA55514F
:100680004FEAC52040EA5E504FEACE2EB4F1FD0C91
:1006900088BFBCF5E06F1ED8BEF1004F08BF5FEA0F
:1006A000500E50F1000041EB045170BD06F00046C1
:1006B00046EA010140EA020081EA0301B4EB5C046E
:1006C000C2BFD4EB0C0541EA045170BD41F4801166
:1006D0004FF0000E013C00F3AB8014F1360FDEBF8B
:1006E000002001F0004170BDC4F10004203C35DA67
:1006F0000C341BDC04F11404C4F1200500FA05F3EA
:1007000020FA04F001FA05F240EA020001F000428A
:1007100021F0004110EBD37021FA04F642EB060100
:100720005EEA430E08BF20EAD37070BDC4F10C042A
:10073000C4F1200500FA04F320FA05F001FA04F2EE
:1007400040EA020001F0004110EBD37041F10001DA
:100750005EEA430E08BF20EAD37070BDC4F12005E5
:1007600000FA05F24EEA020E20FA04F301FA05F24D
:1007700043EA020321FA04F001F0004121FA04F2F5
:1007800020EA020000EBD3705EEA430E08BF20EAC5
:10079000D37070BD94F0000F0FD101F000464000FF
:1007A00041EB010111F4801F08BF013CF7D041EA81
:1007B000060195F0000F18BF704703F00046520085
:1007C00043EB030313F4801F08BF013DF7D043EA56
:1007D0000603704794EA0C0F0CEA135518BF95EA0C
:1007E0000C0F0CD050EA410618BF52EA4306D1D193
:1007F00081EA030101F000414FF0000070BD50EAB2
:10080000410606BF1046194652EA430619D094EA3B
:100810000C0F02D150EA013613D195EA0C0F05D125
:1008200052EA03361CBF104619460AD181EA030179
:1008300001F0004141F0FE4141F470014FF0000031
:1008400070BD41F0FE4141F4780170BD70B54FF0CC
:10085000FF0C4CF4E06C1CEA11541DBF1CEA13554C
:1008600094EA0C0F95EA0C0F00F0A7F8A4EB05042E
:1008700081EA030E52EA03354FEA013100F0888025
:100880004FEA03334FF0805545EA131343EA1263EE
:100890004FEA022245EA111545EA10654FEA0026A3
:1008A0000EF000419D4208BF964244F1FD0404F55C
:1008B000407402D25B084FEA3202B61A65EB0305B8
:1008C0005B084FEA32024FF480104FF4002CB6EB75
:1008D000020E75EB030E22BFB61A754640EA0C00F5
:1008E0005B084FEA3202B6EB020E75EB030E22BF35
:1008F000B61A754640EA5C005B084FEA3202B6EB76
:10090000020E75EB030E22BFB61A754640EA9C0034
:100910005B084FEA3202B6EB020E75EB030E22BF04
:10092000B61A754640EADC0055EA060E18D04FEAC2
:10093000051545EA16754FEA06164FEAC30343EA62
:1009400052734FEAC2025FEA1C1CC0D111F4801F2F
:100950000BD141EA00014FF000004FF0004CB6E728
:1009600011F4801F04BF01430020B4F1FD0C88BFC7
:10097000BCF5E06F3FF6AFAEB5EB030C04BFB6EBD2
:10098000020C5FEA500C50F1000041EB045170BDC5
:100990000EF0004E4EEA113114EB5C04C2BFD4EBF2
:1009A0000C0541EA045170BD41F480114FF0000E76
:1009B000013C90E645EA060E8DE60CEA135594EAF2
:1009C0000C0F08BF95EA0C0F3FF43BAF94EA0C0FF5
:1009D0000AD150EA01347FF434AF95EA0C0F7FF46A
:1009E00025AF104619462CE795EA0C0F06D152EABE
:1009F00003353FF4FDAE1046194622E750EA4106A2
:100A000018BF52EA43067FF4C5AE50EA41047FF4B2
:100A10000DAF52EA43057FF4EBAE12E74FF0FF3C17
:100A200006E000BF4FF0010C02E000BF4FF0010CE8
:100A30004DF804CD4FEA410C7FEA6C5C4FEA430C61
:100A400018BF7FEA6C5C1BD001B050EA410C0CBFB0
:100A500052EA430C91EA030F02BF90EA020F002012
:100A6000704710F1000F91EA030F58BF994208BF79
:100A700090422CBFD8176FEAE37040F00100704736
:100A80004FEA410C7FEA6C5C02D150EA013C07D18D
:100A90004FEA430C7FEA6C5CD6D152EA033CD3D0D8
:100AA0005DF8040B704700BF8446104662468C46D2
:100AB0001946634600E000BF01B5FFF7B7FF002805
:100AC00048BF10F1000F01BD4DF808EDFFF7F4FF2E
:100AD0000CBF012000205DF808FB00BF4DF808EDB9
:100AE000FFF7EAFF34BF012000205DF808FB00BFDC
:100AF0004DF808EDFFF7E0FF94BF012000205DF8FE
:100B000008FB00BF4DF808EDFFF7CEFF94BF0120B2
:100B100000205DF808FB00BF4DF808EDFFF7C4FFAB
:100B200034BF012000205DF808FB00BF4FEA410CF4
:100B30007FEA6C5C02D150EA013C0AD14FEA430CD7
:100B40007FEA6C5C02D152EA033C02D14FF0000014
:100B500070474FF0010070474FEA410212F5001252
:100B600015D211D56FF47873B3EB625212D94FEAF4
:100B7000C12343F0004343EA505311F0004F23FADE
:100B800002F018BF404270474FF00000704750EA33
:100B9000013005D111F0004008BF6FF000407047F0
:100BA0004FF00000704700BF53B94AB9002908BF91
:100BB00000281CBF4FF0FF314FF0FF3000F06AB942
:100BC000ADF1080C6DE904CE00F006F8DDF804E0A4
:100BD000DDE9022304B070472DE9F047089D0C467B
:100BE000002B4ED194468C458646B2FA82F262D9E9
:100BF0004AB1C2F12003914020FA03F30CFA02FC3F
:100C0000194300FA02FE4FEA1C471FFA8CF6B1FBAB
:100C1000F7F44FEA1E4307FB141143EA014304FBB8
:100C200006F199420AD91CEB030304F1FF3080F06E
:100C30001281994240F20F81023C6344591A1FFA13
:100C40008EF3B1FBF7F007FB101143EA014300FB01
:100C500006F69E420AD91CEB030300F1FF3180F037
:100C6000FC809E4240F2F980634402389B1B40EABC
:100C7000044000211DB1D3400022C5E90032BDE887
:100C8000F0878B4205D90DB1C5E900010021084666
:100C9000F5E7B3FA83F1002946D1A34202D390428B
:100CA000C0F0F080861A64EB03030120002DE6D02B
:100CB000C5E90063E3E7002A40F09080A1EB0C0453
:100CC0004FEA1C481FFA8CF70121B4FBF8F64FEAF3
:100CD0001E4308FB164443EA044307FB06F0984210
:100CE00008D91CEB030306F1FF3402D2984200F24C
:100CF000CD8026461C1A1FFA8EF3B4FBF8F008FBD1
:100D0000104443EA044300FB07F79F4208D91CEB59
:100D1000030300F1FF3402D29F4200F2B08020466C
:100D2000DB1B40EA0640A5E7C1F120068B4022FA12
:100D300006F71F4320FA06FC04FA01F343EA0C030A
:100D4000F44000FA01F8380C4FEA1349B4FBF0FE06
:100D50001FFA87FC00FB1E4449EA04440EFB0CF911
:100D6000A14502FA01F20AD93C190EF1FF3A80F0CE
:100D70008480A14540F28180AEF1020E3C44A4EB98
:100D800009041FFA83F9B4FBF0F300FB134449EAAA
:100D9000044403FB0CFCA44507D93C1903F1FF30C4
:100DA00067D2A44565D9023B3C4443EA0E40A0FB10
:100DB0000293A4EB0C049C42CE469C4651D34ED0E9
:100DC00055B1B8EB0E0364EB0C0404FA06F6CB4005
:100DD0001E43CC40C5E90064002150E7C2F1200366
:100DE00020FA03F10CFA02FC24FA03F394400C43BA
:100DF0004FEA1C4800FA02FE1FFA8CF7B3FBF8F02A
:100E000008FB1031230C43EA014300FB07F1994230
:100E100008D91CEB030300F1FF362CD299422AD9E2
:100E2000023863445B1AA4B2B3FBF8F108FB113338
:100E300044EA034401FB07F3A34208D91CEB040472
:100E400001F1FF3613D2A34211D902396444E41AE6
:100E500041EA004139E70446F0E6084606E7C8459E
:100E6000AED2B9EB020E63EB070C0138A8E73146AE
:100E7000EDE7034699E73046D4E7D6467FE763447B
:100E800002384DE70646234608460FE7023E634414
:100E900030E700BF704700BF80B58CB000AF78600E
:100EA0004B4B1B683B624B4B1B68FB614A4B1B68FF
:100EB000BB614A4B1B687B61494B9B683B61494B5B
:100EC0001B68FB60474B5B68BB604FF00003FB6235
:100ED0004FF00003BB624FF000037B62D7ED067A50
:100EE000F0EEE77A9FED407AF4EEC77AF1EE10FA71
:100EF0001BDD3E4B00221A70D7ED067A9FED3C7A3F
:100F000067EE877AC7ED0B7A3A4B4FF00002DA6052
:100F1000384B4FF000029A61364B4FF00002DA6115
:100F2000344B4FF000021A621BE0334B1B78DBB2EC
:100F3000002B13D02D4B1B78002B05D12D4A3B697C
:100F4000D3602A4B01221A70DFED2C0A97ED040AB8
:100F5000284806F040F987ED0B0A02E04FF0000345
:100F6000FB62274B1B78DBB2002B09D0DFED230A95
:100F700097ED030A234806F02EF987ED0A0A02E0EE
:100F80004FF00003BB62204B1B78DBB2002B09D073
:100F9000DFED1A0A97ED020A1C4806F01CF987EDEE
:100FA000090A02E04FF000037B62D7ED052A97EDB6
:100FB000092AD7ED0A1A97ED0B1AD7ED070A97ED14
:100FC000080A05F05BFB14200DF031F868E700BF5C
:100FD000E00A0020E40A0020E80A0020EC0A0020D1
:100FE000D40A0020B80A0020CDCC4C3D30040020AB
:100FF0000000C84204020020F20A00200AD7A33CE5
:10100000F00A00209C010020F10A0020D0010020FD
:1010100080B58EB000AFF860B9607A603B60B968A7
:10102000214805F0ADFB03461A46204B9A717968BA
:101030001F4806F00FFA03461A461C4B1A7241F27B
:1010400088311B4806F078FA3A6C3968194805F07F
:1010500005FE03461A46154BDA71174A7B6C13607E
:1010600005F09AF901220121F86804F097FC07F1D4
:10107000140324220021184611F0DFF80F4B7B6186
:101080004FF40063BB621823FB6207F114031A4696
:1010900000210B480CF039FF03460A4A136000BFD9
:1010A0003837BD4680BD00BFF40A00202408002068
:1010B000100B0020200B00203808002028530108C6
:1010C000990E00083404002080B582B002AF07F00A
:1010D000F3F800F05BF800F0E7FB00F0BDFB00F078
:1010E00051F900F089FA00F08DFB00F015F900F0DD
:1010F0000DFA00F0B5F800F0E1F800F035FB6420DF
:1011000007F01CF90CF0A2FE184B0193184B00934A
:10111000184B194A19491A48FFF77AFF0022194952
:10112000002005F0F5F904221649012005F0F0F938
:1011300008221449022005F0EBF908221249032085
:1011400005F0E6F900221049042005F0E1F9042237
:101150000D49052005F0DCF90C220A49062005F0AE
:10116000D7F90CF097FE00BFFDE700BF1006002086
:1011700080050020E00400208C04002038040020BA
:101180005806002038050020C805002080B594B01E
:1011900000AF07F1200330220021184611F04DF86E
:1011A00007F10C0300221A605A609A60DA601A6133
:1011B0000023BB60284B1B6C274A43F08053136409
:1011C000254B1B6C03F08053BB60BB6800237B6026
:1011D000224B1B68214A43F4804313601F4B1B685A
:1011E00003F480437B607B6802233B620123FB6244
:1011F00010233B630223BB630023FB6308233B6490
:1012000054237B640223BB640423FB6407F12003A3
:10121000184609F0B9F80346002B01D000F0C8FBCE
:101220000F23FB6002233B6100237B614FF480535B
:10123000BB614FF48053FB6107F10C030221184698
:1012400009F01AFB0346002B01D000F0B1FB00BFF0
:101250005037BD4680BD00BF0038024000700040DE
:1012600080B500AF124B134A1A60114B124A5A60F4
:101270000F4B00229A600E4B0022DA600C4B4FF4A9
:1012800080421A610A4B00225A61094B00229A617E
:10129000074B0022DA61064B80221A62044808F0EC
:1012A0001FF80346002B01D000F082FB00BF80BD79
:1012B0003804002000540040A086010080B500AF33
:1012C000124B134A1A60114B124A5A600F4B0022FC
:1012D0009A600E4B0022DA600C4B4FF480421A6188
:1012E0000A4B00225A61094B00229A61074B0022E7
:1012F000DA61064B00221A62044807F0F1FF034648
:10130000002B01D000F054FB00BF80BD8C040020F6
:1013100000580040A086010080B500AF174B184A66
:101320001A60164B4FF482725A60144B00229A6076
:10133000124B0022DA60114B00221A610F4B00227F
:101340005A610E4B4FF400729A610C4B3822DA61ED
:101350000A4B00221A62094B00225A62074B0022F4
:101360009A62064B0A22DA62044809F097FC0346A7
:10137000002B01D000F01CFB00BF80BDE00400206A
:101380000030014080B596B000AF07F1480300225D
:101390001A605A609A60DA6007F1400300221A600E
:1013A0005A6007F1240300221A605A609A60DA60DA
:1013B0001A615A619A613B1D20220021184610F0E3
:1013C0003CFF504B504A1A604E4B53225A604D4BD3
:1013D00000229A604B4B44F61F62DA60494B0022B0
:1013E0001A61484B00225A61464B00229A614548D7
:1013F0000AF026FA0346002B01D000F0D9FA4FF488
:101400008053BB6407F1480319463E480AF01CFEAE
:101410000346002B01D000F0CBFA3A480AF0D0FA8C
:101420000346002B01D000F0C3FA00233B640023E5
:101430007B6407F14003194632480BF011FA03466A
:10144000002B01D000F0B4FA60237B620023BB6262
:101450000023FB6200233B6300237B630023BB6309
:101460000023FB6307F124030022194625480AF0F4
:1014700029FD0346002B01D000F09AFA07F124035E
:10148000042219461F480AF01DFD0346002B01D017
:1014900000F08EFA07F124030822194619480AF0D1
:1014A00011FD0346002B01D000F082FA07F124035E
:1014B0000C22194613480AF005FD0346002B01D003
:1014C00000F076FA00237B600023BB600023FB6002
:1014D00000233B6100237B614FF40053BB61002379
:1014E0003B623B1D194607480BF036FA0346002BBA
:1014F00001D000F05DFA034806F0ACFB00BF58379E
:10150000BD4680BD380500200000014080B58EB08A
:1015100000AF07F1280300221A605A609A60DA606F
:1015200007F1200300221A605A603B1D00221A6056
:101530005A609A60DA601A615A619A612D4B4FF0D5
:1015400080421A602B4B00225A602A4B00229A607C
:10155000284B40F60222DA60264B00221A61254B06
:1015600000229A6123480AF06BF90346002B01D050
:1015700000F01EFA4FF48053BB6207F128031946AE
:101580001C480AF061FD0346002B01D000F010FA60
:1015900018480AF015FA0346002B01D000F008FAAB
:1015A00000233B6200237B6207F1200319461148A8
:1015B0000BF056F90346002B01D000F0F9F9602337
:1015C0007B6040F20153BB600023FB6000237B6122
:1015D0003B1D0022194607480AF074FC0346002B05
:1015E00001D000F0E5F9034806F034FB00BF3837BE
:1015F000BD4680BD8005002080B596B000AF07F1E4
:10160000480300221A605A609A60DA6007F14003CA
:1016100000221A605A6007F1240300221A605A60FF
:101620009A60DA601A615A619A613B1D202200219A
:10163000184610F002FE4A4B4A4A1A60484B5322A1
:101640005A60474B00229A60454B44F61F62DA60AD
:10165000434B00221A61424B00225A61404B002248
:101660009A613F480AF0ECF80346002B01D000F0E5
:101670009FF94FF48053BB6407F14803194638487B
:101680000AF0E2FC0346002B01D000F091F9344847
:101690000AF096F90346002B01D000F089F90023E7
:1016A0003B6400237B6407F1400319462C480BF090
:1016B000D7F80346002B01D000F07AF960237B6253
:1016C0000023BB620023FB6200233B6300237B6398
:1016D0000023BB630023FB6307F1240300221946A8
:1016E0001F480AF0EFFB0346002B01D000F060F921
:1016F00007F124030422194619480AF0E3FB0346C4
:10170000002B01D000F054F907F1240308221946F8
:1017100013480AF0D7FB0346002B01D000F048F92C
:1017200000237B600023BB600023FB6000233B6140
:1017300000237B614FF40053BB6100233B623B1DE0
:10174000194607480BF008F90346002B01D000F0BA
:101750002FF9034806F07EFA00BF5837BD4680BD1A
:10176000C80500200004014080B588B000AF3B1DD3
:1017700000221A605A609A60DA601A615A619A61AE
:101780001E4B1F4A1A601D4B53225A601B4B0022EE
:101790009A601A4B40F2E732DA60184B00221A6165
:1017A000164B00229A6115480AF04AF80346002BAE
:1017B00001D000F0FDF811480AF002F90346002BB1
:1017C00001D000F0F5F860237B600023BB600023AC
:1017D000FB6000237B613B1D0022194607480AF08D
:1017E00071FB0346002B01D000F0E2F8034806F03D
:1017F00031FA00BF2037BD4680BD00BF1006002073
:101800000044014080B500AF114B124A1A60104BE2
:101810004FF4E1325A600E4B00229A600C4B0022CA
:10182000DA600B4B00221A61094B0C225A61084BFB
:1018300000229A61064B0022DA6105480BF0F2F8AB
:101840000346002B01D000F0B3F800BF80BD00BFFD
:10185000580600200044004080B582B000AF00234D
:101860007B60104B1B6B0F4A43F4001313630D4B4B
:101870001B6B03F400137B607B68002205211020A2
:1018800006F038FE102006F051FE0022052111203E
:1018900006F030FE112006F049FE00BF0837BD46B5
:1018A00080BD00BF0038024080B588B000AF07F1AE
:1018B0000C0300221A605A609A60DA601A610023F1
:1018C000BB60294B1B6B284A43F004031363264B70
:1018D0001B6B03F00403BB60BB6800237B60224BDF
:1018E0001B6B214A43F0010313631F4B1B6B03F077
:1018F00001037B607B6800233B601B4B1B6B1A4A18
:1019000043F002031363184B1B6B03F002033B60AD
:101910003B6800220421154807F0C8FC002204217E
:10192000134807F0C3FC0423FB6001233B61002341
:101930007B610023BB6107F10C0319460B4807F0DC
:1019400005FA0423FB6001233B6100237B61002334
:10195000BB6107F10C031946054807F0F7F900BF12
:101960002037BD4680BD00BF00380240000802405D
:101970000004024080B582B000AF7860786803F060
:10198000CDFF00BF0837BD4680BD000080B582B0E6
:1019900000AF78607B681B68044A934201D106F06F
:1019A000ADFC00BF0837BD4680BD00BF0010004041
:1019B00080B400AF72B600BF00BFFDE780B48DB049
:1019C00000AFF860B9607A600023FB62AEE0FA6AAB
:1019D00013465B0013449B001A467B6813441A6845
:1019E000F968FB6A9B000B441A60FA6A13465B00B5
:1019F00013449B001A467B681344FA6802F11C01E9
:101A00005A68FB6A9B000B441A60FA6A13465B0033
:101A100013449B001A467B681344FA6802F13801AC
:101A20009A68FB6A9B000B441A60FA6A13465B00D3
:101A300013449B001A46BB6813441B68BB62FA6AD6
:101A400013465B0013449B001A46BB6813445B6853
:101A50007B62FA6A13465B0013449B001A46BB681C
:101A600013449B683B62FA6A13465B0013449B0075
:101A70001A467B6813441B68FB61FA6A13465B00D5
:101A800013449B001A467B6813445B68BB61FA6A87
:101A900013465B0013449B001A467B6813449B6803
:101AA0007B6197ED097AD7ED057A27EE277AD7ED96
:101AB000086AD7ED067A66EEA77AFB6803F154024E
:101AC00077EE677AFB6A9B001344C3ED007A97EDCB
:101AD000087AD7ED077A27EE277AD7ED0A6AD7ED8D
:101AE000057A66EEA77AFB6803F1700277EE677AF3
:101AF000FB6A9B001344C3ED007A97ED0A7AD7ED99
:101B0000067A27EE277AD7ED096AD7ED077A66EECF
:101B1000A77AFB6803F18C0277EE677AFB6A9B0079
:101B20001344C3ED007AFB6A0133FB62FB6A062BA8
:101B30007FF74DAF00BF00BF3437BD465DF8047B73
:101B4000704790B5D1B000AF07F5A074A4F59A74B2
:101B5000206007F5A070A0F59C70016007F5A071EA
:101B6000A1F59E710A6007F5A072A2F5A07213603C
:101B70000023C7F83C3116E0D7F83C319B0007F54D
:101B8000A072A2F59C72126813441A68D7F83C310F
:101B90009B0003F5A0733B44F43B1A60D7F83C313B
:101BA0000133C7F83C3107F5A073A3F59A731B689E
:101BB00003FB03F3D7F83C219A42DDDB0023C7F88F
:101BC000383117E0D7F838319B0007F5A072A2F53D
:101BD0009E72126813441A6807F5A073A3F5887102
:101BE000D7F838319B000B441A60D7F838310133ED
:101BF000C7F8383107F5A073A3F59A73D7F83821E1
:101C00001B689A42DEDB0023C7F83431B9E00023B9
:101C1000C7F83031A9E007F5A073A3F59A72D7F899
:101C20003431126803FB02F2D7F8303113449B00C1
:101C300003F5A0733B44F43B1B68C7F82C31002329
:101C4000C7F8283132E007F5A073A3F59A72D7F8E8
:101C50003431126803FB02F2D7F8283113449B0099
:101C600003F5A0733B44F43B93ED007A07F5A073B2
:101C7000A3F59A72D7F83031126803FB02F2D7F855
:101C8000283113449B0003F5A0733B44F43BD3ED90
:101C9000007A67EE277A97ED4B7A77EE677AC7ED91
:101CA0004B7AD7F828310133C7F82831D7F82821E3
:101CB000D7F830319A42C6DBD7F83421D7F8303123
:101CC0009A4223D1D7ED4B7AF5EEC07AF1EE10FAB5
:101CD00002D84FF0FF334AE107F5A073A3F59A72DB
:101CE000D7F83431126803FB02F2D7F83431D41834
:101CF00097ED4B0A12F0D4FBF0EE407AA30003F507
:101D0000A0733B44F43BC3ED007A29E007F5A073D0
:101D1000A3F59A72D7F83031126803FB02F2D7F8B4
:101D2000303113449B0003F5A0733B44F43B93ED27
:101D3000007A07F5A073A3F59A72D7F834311268C8
:101D400003FB02F2D7F830311344D7ED4B6AC6EEED
:101D5000877A9B0003F5A0733B44F43BC3ED007A04
:101D6000D7F830310133C7F83031D7F83021D7F800
:101D700034319A427FF74FAFD7F834310133C7F887
:101D8000343107F5A073A3F59A73D7F834211B6893
:101D90009A42FFF63CAF0023C7F8243164E007F510
:101DA000A073A3F58872D7F824319B0013441B68F5
:101DB000C7F820310023C7F81C3129E007F5A073CC
:101DC000A3F59A72D7F82431126803FB02F2D7F810
:101DD0001C3113449B0003F5A0733B44F43B93ED8B
:101DE000007A07F5A073A3F59672D7F81C319B0013
:101DF0001344D3ED007A67EE277A97ED487A77EEB1
:101E0000677AC7ED487AD7F81C310133C7F81C311F
:101E1000D7F81C21D7F824319A42CFDB07F5A073FD
:101E2000A3F59A72D7F82431126803FB02F2D7F8AF
:101E3000243113449B0003F5A0733B44F43B93ED22
:101E4000007AD7ED486AC6EE877A07F5A073A3F546
:101E50009672D7F824319B001344C3ED007AD7F86B
:101E600024310133C7F8243107F5A073A3F59A7321
:101E7000D7F824211B689A4291DB07F5A073A3F5DC
:101E80009A731B68013BC7F818316BE007F5A07324
:101E9000A3F59672D7F818319B0013441B68C7F856
:101EA0001431D7F818310133C7F810312AE007F59B
:101EB000A073A3F59A72D7F81031126803FB02F2EF
:101EC000D7F8183113449B0003F5A0733B44F43B4F
:101ED00093ED007AD7F810319B0007F5A072A2F5B8
:101EE000A07212681344D3ED007A67EE277A97ED5B
:101EF000457A77EE677AC7ED457AD7F81031013326
:101F0000C7F8103107F5A073A3F59A73D7F810211D
:101F10001B689A42CBDB07F5A073A3F59A72D7F83A
:101F20001831126803FB02F2D7F8183113449B00F2
:101F300003F5A0733B44F43B93ED007AD7F81831D6
:101F40009B0007F5A072A2F5A07212681344D7EDAA
:101F5000456AC6EE877AC3ED007AD7F81831013B9F
:101F6000C7F81831D7F81831002B8FDA002318463C
:101F700007F5A277BD4690BD80B48DB000AFF86084
:101F8000B9607A603B600023FB6209E0FB6A9B005A
:101F90007A6813444FF000021A60FB6A0133FB6257
:101FA000FB6A302BF2DD0023BB6209E0BB6A9B00B9
:101FB0003A6813444FF000021A60BB6A0133BB62F7
:101FC000BB6A062BF2DD00237B6271E000233B62DB
:101FD0003BE04FF00003FB610023BB6124E0BA69E2
:101FE0001346DB009B1A9B001A46FB681A447B6A67
:101FF0009B00134493ED007ABA691346DB009B1AE9
:102000009B001A46FB681A443B6A9B001344D3EDBD
:10201000007A67EE277A97ED077A77EE277AC7ED91
:10202000077ABB690133BB61BB69052BD7DD7A6ACF
:102030001346DB009A1A3B6A13449B007A681344E8
:10204000FA691A603B6A01333B623B6A062BC0DDCA
:102050004FF000037B6100233B611DE03A691346AA
:10206000DB009B1A9B001A46FB681A447B6A9B00A4
:10207000134493ED007A3B699B00BA681344D3ED97
:10208000007A67EE277A97ED057A77EE277AC7ED23
:10209000057A3B6901333B613B69052BDEDD7B6AD9
:1020A0009B003A6813447A691A607B6A01337B6249
:1020B0007B6A062B8ADD00BF00BF3437BD465DF862
:1020C000047B704780B5BEB000AFF860B96087EDA3
:1020D000010A3A6007F1100307F12C02B968F868A9
:1020E000FFF74AFFD7ED017A67EEA77AC7ED3C7A92
:1020F0000023C7F8F4301AE0D7F8F430DB009B0077
:10210000F8333B44CC3B93ED007AD7F8F430DB0056
:10211000D7ED3C7A77EE277A9B00F8333B44CC3BF3
:10212000C3ED007AD7F8F4300133C7F8F430D7F8AC
:10213000F430062BE0DD07F1100207F12C013B68BB
:102140000720FFF7FEFC03461846F837BD4680BD62
:1021500090B5EFB000AF07F5DC74A4F5D274206041
:1021600007F5DC70A0F5D470016007F5DC71A1F50E
:10217000D67181ED000A07F5DC71A1F5D8710A600E
:1021800007F5DC72A2F5DA72136007F5DC73A3F5CC
:10219000D67007F5DC73A3F5D47107F5DC73A3F5EE
:1021A000D273D7F8CC2190ED000A09681868FFF7C0
:1021B00089FF0346002B02D04FF0FF33B7E2002324
:1021C000C7F84C3107F5A87300210A461A800A4661
:1021D0009A700023C7F8B4319DE20023C7F8B031EC
:1021E0000023C7F8AC310023C7F8A8318EE0D7F838
:1021F000A8319B00D7F8CC2113441B68C7F85C3189
:1022000007F5DC73A3F5D8731B68002B0AD0D7F849
:10221000A8319B0007F5DC72A2F5D872126813444E
:102220001B6800E0DB4BC7F8583107F5DC73A3F5FA
:10223000DA731B68002B0AD0D7F8A8319B0007F58A
:10224000DC72A2F5DA72126813441B6801E04FF0E9
:10225000FF43C7F8543197ED577AD7ED567AB4EE6D
:10226000E77AF1EE10FA1BD5D7F8A8319B00D7F822
:10227000CC211344D7F858211A6007F5A672D7F875
:10228000A83113441B78002B2ED107F5A672D7F87E
:10229000A831134401221A700123C7F8B03123E09A
:1022A00097ED577AD7ED557AB4EEE77AF1EE10FA5A
:1022B0001ADDD7F8A8319B00D7F8CC211344D7F802
:1022C00054211A6007F5A672D7F8A83113441B7879
:1022D000002B09D107F5A672D7F8A83113440122C3
:1022E0001A700123C7F8B03107F5A672D7F8A831E4
:1022F00013441B78002B04D0D7F8AC310133C7F856
:10230000AC31D7F8A8310133C7F8A831D7F8A831D4
:10231000062B7FF76CAFD7F8B031002B00F00382AB
:10232000D7F8AC31062B00F300820023C7F8A431A4
:1023300052E0D7F8A4319B0007F5DC72A2F5D47205
:10234000126813441B68C7F8A0310023C7F89C31FA
:102350002FE007F5A672D7F89C3113441B78002BA9
:1023600022D0D7F8A4211346DB009B1A9B001A4603
:1023700007F5DC73A3F5D2731B681A44D7F89C31B8
:102380009B00134493ED007AD7F89C319B00D7F85B
:10239000CC211344D3ED007A67EE277A97ED687A63
:1023A00077EE677AC7ED687AD7F89C310133C7F8C2
:1023B0009C31D7F89C31062BCBDDD7F8A4319B009C
:1023C00003F5DC733B44843BD7F8A0211A60D7F8AF
:1023D000A4310133C7F8A431D7F8A431052BA8DD07
:1023E0000023C7F898310023C7F8943119E007F5A6
:1023F000A672D7F8943113441B78002B0CD1D7F870
:1024000098315A1CC7F898219B0003F5DC733B44B4
:10241000D7F8942143F8A02CD7F894310133C7F8AA
:102420009431D7F89431062BE1DD0023C7F89031C1
:102430000FE007F5DC73A3F5CE72D7F890319B005F
:1024400013444FF000021A60D7F890310133C7F8F7
:102450009031D7F8983103FB03F3D7F890219A42D3
:10246000E7DB0023C7F88C310EE0D7F88C319B00F6
:1024700003F5DC733B44BC3B4FF000021A60D7F815
:102480008C310133C7F88C31D7F88C21D7F89831CB
:102490009A42EADB0023C7F88831B9E0D7F88831DF
:1024A0009B0003F5DC733B4453F8A03CC7F8643150
:1024B0000023C7F884315FE0D7F884319B0003F52F
:1024C000DC733B4453F8A03CC7F860314FF0000385
:1024D000C7F880310023C7F87C3132E0D7F87C217F
:1024E0001346DB009B1A9B001A4607F5DC73A3F525
:1024F000D2731B681A44D7F864319B00134493EDE0
:10250000007AD7F87C211346DB009B1A9B001A4601
:1025100007F5DC73A3F5D2731B681A44D7F8603152
:102520009B001344D3ED007A67EE277A97ED607A2B
:1025300077EE277AC7ED607AD7F87C310133C7F898
:102540007C31D7F87C31052BC8DDD7F88831D7F836
:10255000982103FB02F2D7F88431134407F5DC72AB
:10256000A2F5CE729B001344D7F880211A60D7F8E9
:1025700084310133C7F88431D7F88421D7F89831F2
:102580009A4299DB4FF00003C7F878310023C7F86F
:1025900074312AE0000080FFD7F874211346DB0075
:1025A0009B1A9B001A4607F5DC73A3F5D2731B68D0
:1025B0001A44D7F864319B00134493ED007AD7F89E
:1025C00074319B0003F5DC733B44843BD3ED007A0C
:1025D00067EE277A97ED5E7A77EE277AC7ED5E7A17
:1025E000D7F874310133C7F87431D7F87431052B3B
:1025F000D2DDD7F888319B0003F5DC733B44BC3B4C
:10260000D7F878211A60D7F888310133C7F88831B4
:10261000D7F88821D7F898319A42FFF63FAF07F5EF
:10262000DC73A3F5D673D3ED007A67EEA77AC7ED16
:102630005A7A0023C7F870312AE0D7F87031D7F8FA
:10264000982103FB02F2D7F87031134407F5DC72CE
:10265000A2F5CE729B00134493ED007AD7F8703147
:10266000D7F8982103FB02F2D7F870311344D7ED65
:102670005A7A77EE277A07F5DC72A2F5CE729B00C4
:102680001344C3ED007AD7F870310133C7F87031C5
:10269000D7F87021D7F898319A42CEDBD7F8983125
:1026A000002B33DD07F1E00307F1FC0207F11C0109
:1026B000D7F89801FFF745FA0346002B02D04FF0F8
:1026C000FF3334E00023C7F86C3119E0D7F86C31E0
:1026D0009B0003F5DC733B4453F8A03C9B00D7F808
:1026E000CC211344D7F86C21920002F5DC723A44F5
:1026F000D83A12681A60D7F86C310133C7F86C31D8
:10270000D7F86C21D7F898319A42DFDBD7F8B4318B
:102710000133C7F8B431D7F8B421D7F8C8319A4299
:10272000FFF65BAD02E000BF00E000BF00231846EB
:1027300007F5DE77BD4690BD80B485B000AF786008
:10274000224BFB607B6893ED037AD7ED037A77EE3B
:10275000676A7B6893ED017AC6EE877A7B68C3ED82
:10276000047A7B6893ED027AD7ED037A77EE676A95
:102770007B6893ED007AC6EE877A7B68C3ED067AB4
:102780007B6893ED037A7B68D3ED046A7B68D3EDB5
:10279000017A66EEA77A77EE677A7B68C3ED057AF1
:1027A0007B6893ED027A7B68D3ED066A7B68D3ED94
:1027B000007A66EEA77A77EE677A7B68C3ED077AD0
:1027C00000BF1437BD465DF8047B70470080BB44F2
:1027D00080B485B000AF786087ED000A7B68D3EDE8
:1027E000007A97ED007AB4EEE77AF1EE10FA02D5AE
:1027F0007B681B683B607B68D3ED017A97ED007ABC
:10280000B4EEE77AF1EE10FA02DD7B685B683B60BC
:102810007B6893ED047AD7ED007A27EE277A7B6800
:10282000D3ED057A77EE277AC7ED037A7B68D3ED8F
:10283000027A97ED037AB4EEE77AF1EE10FA02D558
:102840007B689B68FB607B68D3ED037A97ED037A26
:10285000B4EEE77AF1EE10FA02DD7B68DB68FB602C
:10286000FB6807EE903AB0EE670A1437BD465DF894
:10287000047B704780B586B000AFF860B9607A60BD
:1028800000237B611DE07B695B01BA68D1187B691D
:102890009B00FA681344D3ED007AB0EE670A08464D
:1028A000FFF796FFF0EE407A7B695B007A6813448D
:1028B000FDEEE77A17EE902A12B21A807B69013397
:1028C0007B617B69062BDEDD00BF00BF1837BD468C
:1028D00080BD80B598B002AF7861396187ED030A99
:1028E000BA607B6000237B6518E07B6D5B01BA6892
:1028F00013441A687B6D9B0058333B44243B1A6099
:102900007B6D5B01BA6813445A687B6D9B0058333A
:102910003B44403B1A607B6D01337B657B6D062B2E
:10292000E3DD07F1180107F134023B6E01937B6888
:1029300000930B4697ED030A39697869FFF708FCA5
:1029400038653B6D002B01D03B6D05E07A6EB968B0
:10295000386EFFF78FFF002318465837BD4680BDFD
:1029600080B485B000AF03463960FB713B681B88BB
:10297000DAB2FB795340FB73FB7B1B015AB297F928
:102980000F3053405BB2FB733B681B881B0A9BB242
:102990001AB2FB7B1B021BB253401AB2FB7BDB005B
:1029A0001BB253401AB2FB7B1B09DBB21BB2534074
:1029B0001BB29AB23B681A8000BF1437BD465DF85F
:1029C000047B704780B483B000AF78607B684FF6BB
:1029D000FF721A8000BF0C37BD465DF8047B70475C
:1029E00080B584B000AF78600B467B8007F10E03A2
:1029F0001846FFF7E7FF09E07B685A1C7A601B78EE
:102A000007F10E0211461846FFF7AAFF7B885A1EEF
:102A10007A80002BF0D1FB8918461037BD4680BD67
:102A200080B586B000AFF860B9601346FB80BB6824
:102A30007B6107E07B695A1C7A611B78F96818464C
:102A4000FFF78EFFFB885A1EFA80002BF2D100BFE1
:102A500000BF1837BD4680BD80B483B000AF78603A
:102A60007B6800221A607B6800225A607B680E4AED
:102A70009A607B680D4ADA607B680D4A1A617B6850
:102A80000C4A5A617B680C4A9A617B680B4ADA618E
:102A90007B680B4A1A627B680A4A5A6200BF0C378D
:102AA000BD465DF8047B704767E6096A85AE67BB83
:102AB00072F36E3C3AF54FA57F520E518C68059B20
:102AC000ABD9831F19CDE05B80B4CFB000AF07F561
:102AD0009C73A3F59A73186007F59C73A3F59C7318
:102AE000196007F59C73A3F59A731B689B68C7F878
:102AF000343107F59C73A3F59A731B68DB68C7F83C
:102B0000303107F59C73A3F59A731B681B69C7F8EE
:102B10002C3107F59C73A3F59A731B685B69C7F8A2
:102B2000283107F59C73A3F59A731B689B69C7F856
:102B3000243107F59C73A3F59A731B68DB69C7F80A
:102B4000203107F59C73A3F59A731B681B6AC7F8BD
:102B50001C3107F59C73A3F59A731B685B6AC7F871
:102B600018310023C7F8143116E0D7F814319B0050
:102B700007F59C72A2F59C7212681344196807F558
:102B80009C73A3F59673D7F8142143F82210D7F855
:102B900014310133C7F81431D7F814310F2BE4DDA9
:102BA0001023C7F8143169E0D7F814319A1E07F5DD
:102BB0009C73A3F5967353F822304FEA7342D7F80B
:102BC0001431991E07F59C73A3F5967353F82130C1
:102BD0004FEAF3435A40D7F81431991E07F59C7316
:102BE000A3F5967353F821309B0A5A40D7F8143155
:102BF000D91F07F59C73A3F5967353F821301A4437
:102C0000D7F81431A3F10F0107F59C73A3F5967360
:102C100053F821304FEAF311D7F81431A3F10F0024
:102C200007F59C73A3F5967353F820304FEAB3432E
:102C30005940D7F81431A3F10F0007F59C73A3F5A1
:102C4000967353F82030DB084B401A44D7F8143100
:102C5000A3F1100107F59C73A3F5967353F8213087
:102C6000D11807F59C73A3F59673D7F8142143F890
:102C70002210D7F814310133C7F81431D7F81431C2
:102C80003F2B91DD0023C7F8143178E0D7F82431C9
:102C90004FEAB312D7F824314FEAF3235A40D7F85A
:102CA00024314FEA73635A40D7F818311A44D7F8E1
:102CB0002411D7F820311940D7F82431D843D7F858
:102CC0001C3103404B401A446E49D7F8143151F877
:102CD00023301A4407F59C73A3F59673D7F81411A3
:102CE00053F821301344C7F81031D7F834314FEA84
:102CF000B302D7F834314FEA73335A40D7F834313E
:102D00004FEAB3535A40D7F83011D7F82C31594015
:102D1000D7F834311940D7F83001D7F82C310340B7
:102D20004B401344C7F80C31D7F81C31C7F81831A1
:102D3000D7F82031C7F81C31D7F82431C7F8203133
:102D4000D7F82821D7F810311344C7F82431D7F821
:102D50002C31C7F82831D7F83031C7F82C31D7F8E3
:102D60003431C7F83031D7F81021D7F80C3113447B
:102D7000C7F83431D7F814310133C7F81431D7F814
:102D800014313F2B82DD07F59C73A3F59A731B6802
:102D90009A68D7F834311A4407F59C73A3F59A73EF
:102DA0001B689A6007F59C73A3F59A731B68DA6831
:102DB000D7F830311A4407F59C73A3F59A731B6852
:102DC000DA6007F59C73A3F59A731B681A69D7F844
:102DD0002C311A4407F59C73A3F59A731B681A618A
:102DE00007F59C73A3F59A731B685A69D7F82831C5
:102DF0001A4407F59C73A3F59A731B685A6107F58B
:102E00009C73A3F59A731B689A69D7F824311A4406
:102E100007F59C73A3F59A731B689A6107F59C7379
:102E2000A3F59A731B68DA69D7F820311A4407F5BD
:102E30009C73A3F59A731B68DA6107F59C73A3F57D
:102E40009A731B681A6AD7F81C311A4407F59C73E9
:102E5000A3F59A731B681A6207F59C73A3F59A731E
:102E60001B685A6AD7F818311A4407F59C73A3F502
:102E70009A731B685A6200BF07F59E77BD465DF8DE
:102E8000047B70479C55010880B59CB000AFF8608A
:102E9000B9607A60BB68FB66FB681B68FB65FB6812
:102EA0001A687B68DB001A44FB681A60FB681B68C1
:102EB000FA6D9A4204D9FB685B685A1CFB685A6039
:102EC000FB6DDB0803F03F03BB6657E0BB6EC3F14D
:102ED00040037B667A687B6E9A4201D27B687B6690
:102EE000FB6803F12802BB6E13447A6EF96E184634
:102EF0000FF08BFABA6E7B6E1344BB66FA6E7B6E74
:102F00001344FB667A687B6ED31A7B60BB6E402BE2
:102F100034D1FB682833BB6500233B6623E03B6E5E
:102F20009B00BA6D13447B6507F110023B6E9B005A
:102F300013443B657B6D03331A783B6D1A707B6DD0
:102F40009A1C3B6D013312781A707B6D5A1C3B6DD5
:102F5000023312781A703B6D03337A6D12781A704F
:102F60003B6E01333B663B6E0F2BD8DD07F1100340
:102F70001946F868FFF7A8FD0023BB667B68002BA5
:102F8000A4D100BF00BF7037BD4680BD80B598B0EA
:102F900000AF786039607B681B68DB0803F03F0393
:102FA000FB65FB6DC3F1770303F03F030133BB65A2
:102FB0007B6808337B6580233B7307F10C03013387
:102FC0004722002118460FF038F97B681A68BB6D5C
:102FD0000733D2B260333B4403F8542C7B681B6840
:102FE0001A0ABB6D0633D2B260333B4403F8542C4B
:102FF0007B681B681A0CBB6D0533D2B260333B444F
:1030000003F8542C7B681B681A0EBB6D0433D2B2D4
:1030100060333B4403F8542C7B685A68BB6D033320
:10302000D2B260333B4403F8542C7B685B681A0AC5
:10303000BB6D0233D2B260333B4403F8542C7B683F
:103040005B681A0CBB6D0133D2B260333B4403F8AA
:10305000542C7B685B681B0ED9B207F10C02BB6D68
:1030600013440A461A70BB6D03F1080207F10C0302
:1030700019467868FFF708FF7B6DDA783B681A70AD
:103080003B6801337A6D92781A703B6802337A6D2F
:1030900052781A703B6803337A6D12781A703B6865
:1030A00004337A6DD2791A703B6805337A6D927960
:1030B0001A7000BF6037BD4680BD000080B483B089
:1030C00000AF0346FB71FA7913465B001344DB0043
:1030D000034A134418460C37BD465DF8047B70471D
:1030E000480B002080B483B000AF0346FB71FB792E
:1030F00040F2231202FB03F3034A134418460C3731
:10310000BD465DF8047B7047E40C0020B0B5A0B06C
:1031100000AFF860B9607A60FB70FB68002B05D0E7
:10312000FB681B7803F00103002B01D100234FE063
:10313000FB685A78BB681A70FB68D3E90223C7E9B9
:103140000423BB68013307F11001062218460FF073
:103150005CF9FB68D3E90223541C43F10005FB68CA
:10316000C3E9024507F118031846FFF775FCFB6831
:1031700003F1100107F1180320221846FFF784FE1F
:10318000FA7807F1180379681846FFF77DFE97F87B
:10319000942007F11803D7F890101846FFF774FE33
:1031A00007F118030222D7F898101846FFF76CFEB3
:1031B00007F118030722B9681846FFF765FEBB68D8
:1031C000DA1D07F1180311461846FFF7DFFE0D233D
:1031D00018468037BD46B0BD80B483B000AF78607C
:1031E0000B46FB7002E0FB78013BFB70FB78012B88
:1031F00006D9FB78013B7A6813441B78002BF2D088
:10320000FB7818460C37BD465DF8047B704700001C
:10321000B0B5AAB000AFF860B9607A60FB68002B67
:1032200001D101233EE17B680233C7F8A0307B68FF
:1032300003F58B73C7F89C30D7F89C300733C7F879
:10324000983007F12C031846FFF706FCFB6803F1E2
:10325000100107F12C0320221846FFF715FE07F195
:103260002C030A22D7F8A0101846FFF70DFE7B6842
:1032700003F10C017B68DB781A4607F12C03184632
:10328000FFF702FE7B6803F58A7107F12C03022227
:103290001846FFF7F9FD07F12C030722D7F89C1019
:1032A0001846FFF7F1FD07F1240207F12C03114640
:1032B0001846FFF76BFE07F124030622D7F8981093
:1032C00018460EF0AAFF0346002B05D0FB68022229
:1032D00083F834200023E5E0D7F89C301B7887F88A
:1032E00097304FF000024FF00003C7E90623D7F8EC
:1032F0009C30591C07F11803062218460FF085F878
:10330000BB68002B05D1FB68032283F8342000231F
:10331000C8E00023A7F8A6302BE07B68D979B7F87E
:10332000A620B8681346DB001344034403331B781C
:10333000994219D17B68197AB7F8A620B868134664
:10334000DB001344034404331B7899420CD1B7F8D3
:10335000A620B9681346DB0013440B4402331B78E4
:1033600097F897209A420BD0B7F8A6300133A7F808
:10337000A630BB681B88B7F8A6209A42CDD300E0E0
:1033800000BFBB681B88B7F8A6209A4246D1BB682D
:103390001B880F2B05D9FB68042283F834200023F7
:1033A00080E0D7E906234149541843F10005FB6842
:1033B000D3E90223944275EB030305D2FB6805228F
:1033C00083F8342000236DE0B7F8A6207B68D87915
:1033D000B9681346DB0013440B44033302461A70EA
:1033E000B7F8A6207B68187AB9681346DB00134447
:1033F0000B44043302461A70B7F8A620B968134686
:10340000DB0013440B44023397F897201A70BB6813
:103410001B8801339AB2BB681A8021E04FF000028A
:103420004FF00003C7E90423B7F8A6201346DB00DA
:103430001344BA681344591D07F1100306221846B5
:103440000EF0E3FFD7E90623D7E90401904271EBC0
:10345000030305D3FB68062283F83420002321E010
:10346000B7F8A6201346DB001344BA681344581D6E
:10347000D7F89C300133062219460EF0C6FFD7E973
:103480000623F968D1E90201904271EB030304D2EB
:10349000D7E90623F968C1E90223FB68012283F812
:1034A000342001231846A837BD46B0BD808D5B008F
:1034B000F0B58FB004AFF8607B600B46FB7213462B
:1034C000BB727B681B7B03F00203002B14BF01233C
:1034D000002387F8263097F8263083F00103DBB20B
:1034E000002B0CD07B681B69002B08D07B681B6904
:1034F0001B7803F00103002B01D0012300E000231F
:1035000087F8253097F8253003F0010387F8253038
:1035100097F82530002B01D00D2300E0002387F819
:1035200024300A2387F8273097F82630002B06D05E
:10353000FB68FE229A70062387F8273002E0FB68BA
:10354000FD229A7097F82630002B0AD1FB680C33C5
:1035500097F8442011461846FFF73EFE03461A46E8
:1035600001E097F84020FB68DA70FB68FA7ADA71BC
:10357000FB68BA7A1A72FB6800221A7197F8253034
:10358000002B06D0FB681B7943F00103DAB2FB681D
:103590001A71FB6800225A717B689A79FB689A71EC
:1035A0007B689B790133DAB27B689A71FB689B7800
:1035B0003B76FB68DB787B7697F82630002B13D0C0
:1035C000FB689B79BB76FB68DB79FB76FB681B7A33
:1035D0003B77FB685A7A997A09020A43DB7A1B0423
:1035E0001343DBB27B7730E0FB681B79BB76FB686B
:1035F0005B79FB76FB689B793B77FB68DB797B77B4
:10360000FB681B7ABB77FB685A7A997A09020A43EE
:10361000DB7A1B041343DBB2FB77FB685A7A997A97
:1036200009020A43DB7A1B0413431B12DBB287F83F
:103630002030FB685A7A997A09020A43DB7A1B0424
:1036400013431B14DBB287F8213097F827309BB265
:10365000013B9AB207F11803013311461846FFF7F0
:10366000BFF90346FB82FB6803F10C01FB68DB78C2
:103670001A4607F116031846FFF7D2F907F11602AA
:1036800097F8483011461846FFF76AF9F98AFB683F
:103690000C33FA68D2781344CAB21A70FB8A1B0A38
:1036A00099B2FB6803F10C02FB68DB780133134429
:1036B000CAB21A70FA8AFB681A8097F82530002B74
:1036C0001AD07B681C69FB6803F58B75FB680C33AB
:1036D000FA68D278F9680C31F868C078014497F834
:1036E000276007F1180002910192009333460246C9
:1036F00029462046FFF70AFDFB68DB781A4697F853
:1037000027309BB213449AB297F824309BB21344EB
:103710009BB202339BB218462C37BD46F0BD80B534
:1037200088B004AF7860084611461A460346FB701D
:103730000B46BB7013467B707B781846FFF7BEFCC8
:10374000F860BA78F97897F8203002933B7F0193BC
:103750003B7E0093FB687868FFF7AAFE0346184695
:103760001037BD4680BD80B586B004AF786008468E
:1037700011461A460346FB700B46BB7013467B701E
:10378000BA78F9783B7D02933B7C01937B78009378
:1037900000237868FFF7C3FF034618460837BD4685
:1037A00080BD80B483B000AF78607B689B780133C4
:1037B000DAB27B689A7000BF0C37BD465DF8047BB7
:1037C000704780B586B000AF786039603B68DB78C1
:1037D000FB733B689B78FE2B3AD10023FB750523D6
:1037E000BB753B689A787B681A707B680133FA7BFB
:1037F0001A707B6802333A6892791A707B680333D7
:103800003A68D2791A707B6804333A68127A1A706F
:103810003B685A7A997A09020A43DB7A1B041343FC
:103820001A467B680533D2B21A707B68981D3B68D4
:1038300003F10C013B68DB781A460EF0E6FDBB7D18
:103840003A68D278134401337A6813443B616CE0E0
:103850003B680C33FA7B11461846FFF7BDFC034664
:10386000FB730923BB753B689A787B681A707B6889
:103870000133FA7B1A707B6802333A6812791A7046
:103880007B6803333A6852791A707B6804333A686C
:1038900092791A707B6805333A68D2791A707B681E
:1038A00006333A68127A1A703B685A7A997A090292
:1038B0000A43DB7A1B0413431A467B680733D2B2F0
:1038C0001A703B685A7A997A09020A43DB7A1B0418
:1038D00013431A0A7B680833D2B21A703B685A7ACB
:1038E000997A09020A43DB7A1B0413431A0C7B689A
:1038F0000933D2B21A707B6803F10A003B680C33BB
:10390000FA7B19460EF081FDBA7DFB7B134401332F
:103910007A6813443B613B681B7903F00103002B79
:1039200001D00D2300E00023FB753B681B889BB290
:10393000DAB23B691A703B681B889BB21B0A9AB2C9
:103940003B690133D2B21A70FB7D002B08D03B6972
:10395000981C3B6803F58B73FA7D19460EF055FDF4
:10396000BB7D9AB2FB7B9BB213449AB2FB7D9BB2A8
:1039700013449BB203339BB218461837BD4680BD33
:1039800080B584B000AF78600023FB8107F10E039F
:103990001846FFF717F8FA897B681A8000BF1037BE
:1039A000BD4680BD80B584B000AF78600B46FB702B
:1039B0007B681B889BB2FB8107F10E02FB781146E6
:1039C0001846FEF7CDFFFA897B681A8000BF1037D2
:1039D000BD4680BD80B487B000AF786000237B61B6
:1039E00040F277133B6125E07A693B691344013368
:1039F0005B08FB601E49FA6813465B0013449B009A
:103A00000B441B687A689A4203D2FB68013B3B6116
:103A100010E01749FA6813465B0013449B000B44FF
:103A20001B687A689A4202D9FB687B6102E0FB68F6
:103A30007B6103E07A693B699A42D5D30C497A6984
:103A400013465B0013449B000B441B687A689A4240
:103A500001D0002306E07A6913465B0013449B0003
:103A6000034A134418461C37BD465DF8047B704773
:103A70009C56010880B588B000AFF860B9603B6023
:103A80001346FB71BB6800221A70BB68DB780F2BF2
:103A900000F26C8201A252F823F000BFDD3A000868
:103AA000DD3A00083B3B0008A13B0008D53B00087D
:103AB000ED3B0008053C00081D3C0008353C0008B3
:103AC0008F3C0008DB3C0008373D00086F3D0008D4
:103AD000FB3D0008FB3D0008B73E0008FB79FD2BCD
:103AE00013D1BB680222DA70FB680022DA70FB682F
:103AF000FA799A70BB681B7B23F00103DAB2BB68CA
:103B00001A73F868FFF73CFF27E2FB79FE2B40F0C1
:103B10002482BB680222DA70FB680022DA70FB683C
:103B2000FA799A70BB681B7B43F00103DAB2BB6879
:103B30001A73F868FFF724FF0FE2BB681B78002BAD
:103B40000FD0BB685B780133DAB2BB685A70B868D3
:103B5000FFF727FEBB6800221A70BB680122DA70EB
:103B600004E2FB68FA79DA70BB6800221A71FB790B
:103B70001946F868FFF716FFBB681B7B03F00103CB
:103B8000002B09D0FB6800221A71FB6800225A71D1
:103B9000BB680522DA70E9E1BB680322DA70E5E16F
:103BA000FB68FA791A71FB681B79012B09D9B8688F
:103BB000FFF7F7FDBB6800221A70BB680122DA70BC
:103BC000D4E1FB791946F868FFF7ECFEBB680422E4
:103BD000DA70CBE1FB68FA795A71FB791946F8681B
:103BE000FFF7E0FEBB680522DA70BFE1FB68FA79F7
:103BF0009A71FB791946F868FFF7D4FEBB68062274
:103C0000DA70B3E1FB68FA79DA71FB791946F86882
:103C1000FFF7C8FEBB680722DA70A7E1FB68FA79F4
:103C20001A72FB791946F868FFF7BCFEBB680822D8
:103C3000DA709BE1FB7923F07F43FA68D9B2002068
:103C400001435172190AC9B20020014391721B0C41
:103C5000DBB200210B43D372FB791946F868FFF7FA
:103C6000A1FEBB681B7B03F00103002B0BD0FB689C
:103C7000DB78002B03D0BB680B22DA7076E1BB68DF
:103C80000C22DA7072E1BB680922DA706EE1FB681F
:103C90005A7A997A09020A43DB7A1B0413431A46BB
:103CA000FB791B02134323F07F42FB68D1B2002053
:103CB00001435972110AC9B2002001439972120CD2
:103CC000D2B200210A43DA72FB791946F868FFF78D
:103CD00069FEBB680A22DA7048E1FB685A7A997A71
:103CE00009020A43DB7A1B0413431A46FB791B04BF
:103CF000134323F07F42FB68D1B200200143597285
:103D0000110AC9B2002001439972120CD2B20021EB
:103D10000A43DA72FB791946F868FFF743FEFB683D
:103D2000DB78002B03D0BB680B22DA701EE1BB6886
:103D30000C22DA701AE1FB6803F10C02BB681B79F4
:103D4000591CC8B2B96808711344FA791A70FB7922
:103D50001946F868FFF726FEBB681A79FB68DB781E
:103D60009A4240F0FC80BB680C22DA70F7E0FB68F6
:103D70005A7A997A09020A43DB7A1B0413431846DC
:103D8000FFF728FEB861BB69002B02D0BB691B7925
:103D900000E00023FB75FB7D1946F868FFF702FE83
:103DA000FA79FB681B889BB2DBB29A4203D0BB68EE
:103DB0000E22DA7002E0BB680D22DA70FB68FA7935
:103DC00083F81421BB69002B00F0CB80BB681A7903
:103DD000BB699B799A4280F0C480FB680C33BA6857
:103DE00012799818BB699B791A46BB681B79D31A5C
:103DF0001A4600210EF021FAB3E0BB68DB780E2BE7
:103E000008D0FB799AB2FB681B889BB21B0A9BB255
:103E10009A4203D0BB6802221A7002E0BB680122FA
:103E20001A70FB68FA7983F81521FB681B7903F097
:103E30000103002B0ED0BB680F22DA70BB680D2285
:103E40005A73BB681B78022B00F08D80BB68002280
:103E50001A7088E0BB681B69002B1FD0BB681B6908
:103E60001B6B002B13D0BB681B691A6BFB68597A5C
:103E7000987A00020143DB7A1B040B431946B868A9
:103E80009047034683F00103DBB2002B06D0BB68EA
:103E90001B78022B02D0BB6803221A70BB68012278
:103EA000DA703B68002B5ED040F22312F968386864
:103EB0000EF0ABFA57E0BB685B7BC3F10D03FA6809
:103EC0001344FA7983F81621BB685B7B013BDAB2B5
:103ED000BB685A73BB685B7B002B46D1BB68186913
:103EE000BB685B69FA681946FFF792F90346FB77EE
:103EF000FB7F83F00103DBB2002B17D0BB681B698B
:103F00001B6B002B12D0BB681B691A6BFB68597ABC
:103F1000987A00020143DB7A1B040B431946B86808
:103F200090470346002B01D00123FB77FB7F002B3A
:103F300003D0BB6801221A7002E0BB6803221A702A
:103F4000BB680122DA703B68002B0ED040F22312CE
:103F5000F96838680EF059FA07E000BF06E000BFC4
:103F600004E000BF02E000BF00E000BFBB681B78B8
:103F7000012B10D1FB689A79BB685A71BB681B8909
:103F8000002B02D1BB6800225A81BB681B89013318
:103F90009AB2BB681A813B68002B03D0FB68DA78C1
:103FA0003B68DA70BB6A002B1AD0BB68DA78BB6A50
:103FB000DA70BB681A79BB6A1A71BB685B79013326
:103FC000DAB2BB6A5A71BB681A89BB6A1A81BB68CC
:103FD0009B781A46BB6A5A81BB681A7BBB6A1A7304
:103FE000BB6800229A70BB681B78022B10D13B681B
:103FF000002B0DD0FB6893F814311AB2FB6893F8CC
:1040000015311B021BB213431BB29AB23B681A80D4
:10401000BB681B7818462037BD4680BD90B587B079
:1040200002AFBA607B600346FB730B46BB73FB7B3E
:104030001846FFF757F80446FB7B1846FFF73EF893
:104040000146BA7B7B680093BB682046FFF712FDF0
:10405000034618461437BD4690BD80B588B000AF02
:10406000BA607B600346FB730B46BB73B97BF87B7E
:104070007B68BA68FFF7D2FF0346FB77FB7F022B12
:1040800002D0FB7F032B20D1FB7B1846FFF72AF8D9
:10409000B861FB7B1846FFF711F878617869FFF784
:1040A00080FB7B6900221A707B690122DA70BB7B7E
:1040B000FD2B08D17B690222DA70BB690022DA701D
:1040C000B869FFF75DFC002300E0FB7F184620374E
:1040D000BD4680BD80B584B000AFF860B9607A603D
:1040E000BB68002B05D17A680021F8680EF0A5F8AE
:1040F00004E07A68B968F8680EF087F900BF1037F5
:10410000BD4680BDF0B593B002AFBA607B60034698
:10411000FB730B46BB737B687B61BB6DBB61FB6D47
:10412000FB61B7F860303B84B7F864307B84B7F844
:104130006830BB84B7F87030FB84B7F874303B85C7
:10414000B7F878307B85B7F87C30BB85B7F880301E
:10415000FB85B7F884303B8697F86C3087F83230AF
:10416000D7F88830C7F83330D7F88C30C7F83730F5
:10417000D7F89030C7F83B30BB680C3307F1140414
:104180009C4604F1200E654626460FCE28606960E5
:10419000AA60EB6010340CF1100C7445F3D1624648
:1041A000234603CB1060516019889B78118193726C
:1041B000BB68002242F001025A7200229A72002269
:1041C000DA72BA7BF97B7C2301932B2300931F23A4
:1041D000B868FFF7C8FA034618464437BD46F0BD35
:1041E00080B58CB002AF3A61FB6087ED020AC7ED83
:1041F000010A0346FB750B46BB75FB68BB61BB68D8
:10420000FB617B683B623B8EBB84BB8EFB843B695E
:104210000C3307F11801102218460EF0F6F83B692E
:10422000002242F01D025A7200229A720022DA72B3
:10423000BA7DF97D73230193102300930E2338690F
:10424000FFF791FA034618462837BD4680BD90B562
:1042500087B002AFBA607B600346FB730B46BB734B
:104260007B681C687B68D3ED017A7B6893ED027AEA
:104270007B68B3F90C307A68B2F90E20B97BF87B11
:1042800001920093F0EE470AB0EE670A2346BA683F
:10429000FFF7A6FF034618461437BD4690BD80B50C
:1042A00094B002AF3A62FB6187ED060AC7ED050ADA
:1042B00087ED041AC7ED031A87ED022AC7ED012A1C
:1042C000034687F827300B4687F82630FB69FB62E8
:1042D000BB693B637B697B633B69BB63FB68FB63D7
:1042E000BB683B647B687B643B6A0C3307F12C0141
:1042F0001C2218460EF089F83B6A002242F01E028A
:104300005A7200229A720022DA7297F8262097F8E1
:104310002710272301931C2300931C23386AFFF7DF
:1043200022FA034618464837BD4680BD80B584B0A2
:1043300000AFBA607B600346FB730B46BB737B68C0
:104340001A687B68D3ED017A7B6893ED027A7B680B
:10435000D3ED036A7B6893ED046A7B68D3ED055A5D
:104360007B6893ED065AB97BF87BF0EE452AB0EEF8
:10437000652AF0EE461AB0EE661AF0EE470AB0EE85
:10438000670A1346BA68FFF78AFF034618461037D4
:10439000BD4680BD80B58EB002AF3A6187ED030A9D
:1043A000C7ED020A1A4687ED011AC7ED001A034647
:1043B000FB750B46BB751346BB82FB68FB61BB6894
:1043C0003B627B687B623B68BB62BB8ABB853B8F81
:1043D000FB853B690C3307F11C01142218460EF0D3
:1043E00014F83B69002242F04A025A7200229A7283
:1043F0000022DA72BA7DF97D14230193142300930D
:1044000014233869FFF7AFF9034618463037BD4625
:1044100080BD90B587B002AFBA607B600346FB7386
:104420000B46BB737B68D3ED007A7B6893ED017A12
:104430007B68B3F910407B685B8A7A68D2ED026AC8
:104440007A6892ED036AB97BF87B0093F0EE461A26
:10445000B0EE661A2346F0EE470AB0EE670ABA6875
:10446000FFF798FF034618461437BD4690BD80B548
:1044700084B000AF786039607B68DB78212B28BF7F
:104480002123FB732122002138680DF0D6FE7B68C2
:104490000C33FA7B194638680DF0B7FF00BF1037B0
:1044A000BD4680BD80B584B000AF786039607B6860
:1044B000DB78352B28BF3523FB7335220021386884
:1044C0000DF0BBFE7B680C33FA7B194638680DF0A3
:1044D0009CFF00BF1037BD4680BD80B58CB002AFD9
:1044E000BA607B6087ED000A0346FB730B46BB7323
:1044F0007B687B613B68BB6107F1140308330A22C8
:10450000396B1846FFF7E6FDBB680C3307F1140161
:10451000122218460DF079FFBB68002262F00402F7
:104520005A7200229A720022DA72BA7BF97BAA23AD
:104530000193122300931223B868FFF714F903467E
:1045400018462837BD4680BDF0B593B002AF3A603B
:104550001A460346FB710B46BB7113467B717B7990
:104560003B72B7F85C30A7F83B3097F8603087F8BB
:104570003D3007F1080301333222B96D1846FFF7C9
:10458000A9FD3B680C3307F108049C4604F1300E8A
:10459000654626460FCE28606960AA60EB6010343D
:1045A0000CF1100C7445F3D1634622461068186074
:1045B00092889A803B68002262F002025A720022BE
:1045C0009A720022DA72BA79F97953230193362369
:1045D000009333233868FFF7C6F80346184644377C
:1045E000BD46F0BDB0B588B004AFBA607B6003468D
:1045F000FB730B46BB737B681D787B6801337A685D
:10460000B2F8332092B2796891F83510BC7BF87B10
:104610000291019200932B46BA682146FFF794FF5E
:10462000034618461037BD46B0BD80B588B002AF0E
:104630003A601A460346FB710B46BB7113467B7109
:10464000BB6AFB607B793B7497F820307B7497F8EA
:104650002430BB7497F82C30FB7403233B753B6804
:104660000C3307F10C01092218460DF0CEFE3B6811
:1046700000225A7200229A720022DA72BA79F9790B
:10468000322301930923009309233868FFF76BF85D
:10469000034618461837BD4680BD000090B5DDB012
:1046A00000AF07F5B873A3F5B67318600023C7F819
:1046B0006C31414802F0F4F8F0EE406AB0EE607AF6
:1046C000F0EE417AC7ED566A87ED577AC7ED587A12
:1046D0003A4802F0BFFFB0EE406AF0EE606AB0EE1A
:1046E000417AF0EE617A87ED526AC7ED536A87ED41
:1046F000547AC7ED557AD7ED567A97ED577A07F584
:10470000A473F0EE470AB0EE670A184603F06AF8A1
:1047100087ED5A0A2A4B1C4607F5AC7393E807004D
:1047200084E80700264AD7F868319360254B1C4679
:1047300007F5A4730FCB84E80F0009F0D1FBC7F88D
:104740006401D7F86421D7F86C31D31AB3F5967F9A
:104750002DD307F5967300221A605A609A60DA60CA
:104760001A615A619A6103F0DDFD0346C7F82C31E6
:10477000D7F85831C7F83031D7F85C31C7F8343141
:10478000D7F86831C7F838310F4B18790E4B597983
:1047900007F5967307F10802FFF7C8FD07F1080354
:1047A000184601F0D1F8D7F86431C7F86C310A2007
:1047B00009F03DFC7DE700BFF40A0020100B00204B
:1047C000B80A0020C40A00203008002090B5DBB0F1
:1047D00000AF07F5B473A3F5B27318600023C7F8F0
:1047E0006431394802F0E0FBF0EE406AB0EE607AE6
:1047F000F0EE417AC7ED556A87ED567AC7ED577AE4
:10480000324B1C4607F5AA7393E8070084E80700BB
:1048100009F066FBC7F86001D7F86021D7F864316A
:10482000D31A632B4CD94FF00003C7F840314FF037
:104830000003C7F84431D7F85C31C7F848314FF06E
:104840000003C7F84C310523A7F850310023A7F81F
:10485000523107F5A07307F10C0201210120FFF787
:10486000D8FD07F10C03184601F06EF807F59873B0
:1048700000221A605A609A60DA6003F053FD034622
:10488000C7F83031D7F85831C7F83431D7ED557AF9
:10489000FDEEE77A17EE903A1BB2A7F83C3107F528
:1048A000987307F10C0201210120FFF7D0FC07F1FA
:1048B0000C03184601F048F8D7F86031C7F86431A6
:1048C000142009F0B4FB8CE7200B0020D40A002050
:1048D00080B5CEB004AF0C4B18790B4B59793A1D0B
:1048E0000423039300230293D8230193002300930E
:1048F0000C23FFF79AFE3B1D184601F025F800BF78
:1049000007F59477BD4680BD3008002080B5DAB049
:1049100000AF07F5B473A3F5B273186007F5B4736D
:10492000A3F5AE7306221A7007F10C03013332228D
:10493000002118460DF081FC07F5B473A3F5B2739E
:1049400007F10C02501C312219680DF07EFC07F5AE
:10495000B473A3F5AE73002283F8322007F5B47365
:10496000A3F5AE73002283F83320002283F83420AD
:1049700007F5B473A3F5AE73002283F8352007F171
:104980000C0307F1440201210120FFF72BFE07F180
:104990004403184600F0D8FF00BF07F5B477BD46C2
:1049A00080BD00002DE9F041E2B010AF0023C7F850
:1049B000403107F5A473A3F59E7300221A605A6074
:1049C0009A609A810023C7F8443167E08849D7F894
:1049D00044211346DB009B1A9B000B4408331B68E1
:1049E000002B0DD18249D7F844211346DB009B1AD6
:1049F0009B000B4404331B681B685B6B9BB240E05D
:104A00007B49D7F844211346DB009B1A9B000B44DB
:104A100008331B68042B0DD17549D7F84421134680
:104A2000DB009B1A9B000B4404331B681B689B6BC9
:104A30009BB226E06E49D7F844211346DB009B1A4F
:104A40009B000B4408331B68082B0DD16849D7F82D
:104A500044211346DB009B1A9B000B4404331B6864
:104A60001B68DB6B9BB20CE06149D7F8442113460D
:104A7000DB009B1A9B000B4404331B681B681B6CF8
:104A80009BB207F5A472A2F59E72D7F8441122F8E2
:104A90001130D7F844310133C7F84431D7F84431E5
:104AA000062B93DD534B1B7E1A46D7F84031134338
:104AB000C7F84031504B1B7B5B00D7F840211343B4
:104AC000C7F840314D4B1B7A9B00D7F84021134368
:104AD000C7F840314A4B1B681B685B6B002B01D049
:104AE000082300E000231A46D7F840311343C7F8E3
:104AF00040310421434804F0C1FB03461B011A4620
:104B0000D7F840311343C7F8403104213E4804F040
:104B1000B5FB03465B011A46D7F840311343C7F88B
:104B200040313A4B1B78DBB2032B01D1402300E02C
:104B300000231A46D7F840311343C7F84031344BAD
:104B400093F804C0324B93F805E007F5A473A3F57E
:104B50009E731B887B6007F5A472A2F59E72528833
:104B600007F5A471A1F59E71898807F5A470A0F5D9
:104B70009E70C08807F5A474A4F59E74248907F577
:104B8000A475A5F59E756D8907F5A476A6F59E76A4
:104B9000B68907F11C0800230E9300230D93002310
:104BA0000C930B960A95099408900791069200229F
:104BB000059200220492002203927B680293D7F8A8
:104BC00040310193D7F840310093D7F84031424645
:104BD00071466046FFF796FA07F11C03184600F08D
:104BE000B3FE00BF07F5A477BD46BDE8F08100BF66
:104BF0008C120020F40A0020100B0020200B002053
:104C000038080020000402400008024088120020FA
:104C100030080020B0B5CCB002AF164B1B78DBB229
:104C20001A46154B1B78DBB25B001A43134B1B78FB
:104C3000DBB29B00134307EE903AF8EEE77AC7ED3C
:104C4000497A0F4B1C790E4B5D7903F06BFB0346E1
:104C50003A460C49009197ED490A29462046FFF74C
:104C60003CFC3B46184600F06FFE00BF07F594770A
:104C7000BD46B0BDF00A0020F10A0020F20A002073
:104C800030080020405301082DE9B04F9EB00AAF14
:104C9000F860784B00221A80774B1B68DB6B1B682F
:104CA0005B689BB2C3F50073A7F84E3000F0CEBC32
:104CB000704B1B881A46714B9B5C87F84D3097F8F8
:104CC0004D106F4B6F4A0020FFF7C7F90346002BCA
:104CD00000F0AF846B4B9B68C3F317234C2B16D0AB
:104CE000542B40F0A38407F1140319466548FFF7DD
:104CF000D9FB7B6A644A1360BB6A644A1360FB6A2F
:104D0000634A1360FB6B634A136000F092BC07F1C7
:104D1000140319465B48FFF7AAFB3B8EB3F5C87F27
:104D200023D1D7ED057AB7EE007AF4EE477AF1EEAB
:104D300010FA05D101F0C4FB574B01225A7011E063
:104D4000564B1B78DBB2012B02D1534B03225A7016
:104D5000524B1B78DBB2032B02D14F4B04225A700B
:104D600001F0C2FB4C4B01221A703B8EB52B40F078
:104D7000AE80D7ED057AF5EE407AF1EE10FA14BF69
:104D800001230023DBB21A46434B1B799A421DD004
:104D9000D7ED057AF5EE407AF1EE10FA14BF012353
:104DA0000023DBB21A4604213D4804F07FFAD7ED18
:104DB000057AF5EE407AF1EE10FA14BF01230023D4
:104DC000DAB2354B1A71344B03221A70D7ED067ADA
:104DD000F5EE407AF1EE10FA14BF01230023DBB2A6
:104DE0001A462D4B5B799A421DD0D7ED067AF5EE27
:104DF000407AF1EE10FA14BF01230023DBB21A4609
:104E00000421284804F052FAD7ED067AF5EE407AEC
:104E1000F1EE10FA14BF01230023DAB21E4B5A71CF
:104E20001D4B04221A70D7ED077AF5EE407AF1EEA9
:104E300010FA14BF01230023DBB21A46164BDB78AD
:104E40009A4244D0D7ED077AF5EE407AF1EE10FAA7
:104E50002CD0154B1B680021184606F00BFE0E4B9C
:104E60005A7A114B1B681B685A630B4B0122DA708C
:104E70002AE000BF3C0A0020300800203C08002047
:104E8000CC0C0020A80B0020E00A0020E40A00203F
:104E9000E80A0020EC0A00202408002088120020E4
:104EA000000402400008024038080020AF4B1B6895
:104EB0001B6800225A63AD4B1B680021184606F0A0
:104EC000A1FEAB4B0022DA70A94B02221A703B8E76
:104ED000B72B1BD1D7ED057AFCEEE77A17EE903AA7
:104EE0009BB2DAB2A24B5A72A14BDB78002B0DD0E9
:104EF000D7ED057AFCEEE77A17EE903A9AB29B4B23
:104F00001B681B685A639A4B02221A703B8EB42BA3
:104F100040F08E8397F83430012B40F09181D7ED2B
:104F2000057AF5EE407AF1EE10FA59D1D7ED067A0E
:104F300097ED077AD7ED086A97ED096A8D4BD3EDA7
:104F40000B5A8C4B93ED0A5AD7ED0A4AB0EE643AED
:104F5000F0EE452AB0EE652AF0EE461AB0EE661A7B
:104F6000F0EE470AB0EE670A824802F0C7F98249BC
:104F7000804802F04CFA804B1B681846FBF7E4FAB5
:104F800004460D467C4B5B681846FBF7DDFA80460D
:104F90008946794B9B681846FBF7D6FA82468B46C2
:104FA000754BDB681846FBF7CFFAC7E90001724B77
:104FB0001B691846FBF7C8FA02460B46CDE90823E1
:104FC00097ED007B8DED067BCDE904ABCDE9028941
:104FD000CDE90045694A642169480DF0A7F82BE145
:104FE000D7ED057AB7EE007AF4EE477AF1EE10FAD3
:104FF00059D1D7ED067A97ED077AD7ED086A97ED84
:10500000096A604BD3ED0B5A5E4B93ED0A5AD7ED0C
:105010000A4AB0EE643AF0EE452AB0EE652AF0EEA8
:10502000461AB0EE661AF0EE470AB0EE670A554827
:1050300002F064F95049534802F0E9F94E4B1B68FD
:105040001846FBF781FA04460D464B4B5B68184641
:10505000FBF77AFA80468946474B9B681846FBF770
:1050600073FA82468B46444BDB681846FBF76CFAB2
:10507000C7E90001404B1B691846FBF765FA024679
:105080000B46CDE9082397ED007B8DED067BCDE93E
:1050900004ABCDE90289CDE900453B4A642138489B
:1050A0000DF044F8C8E0D7ED057AB0EE007AF4EEE2
:1050B000477AF1EE10FA6DD1D7ED067A97ED077ABF
:1050C000D7ED086A97ED096A304BD3ED0B5A2F4B99
:1050D00093ED0A5AD7ED0A4AB0EE643AF0EE452A4B
:1050E000B0EE652AF0EE461AB0EE661AF0EE470A08
:1050F000B0EE670A254802F001F91F49234802F083
:1051000086F91D4B1B681846FBF71EFA04460D4630
:10511000194B5B681846FBF717FA80468946164B11
:105120009B681846FBF710FA82468B46124BDB68E9
:105130001846FBF709FAC7E900010F4B1B6918462F
:10514000FBF702FA02460B46CDE9082397ED007BF8
:105150008DED067BCDE904ABCDE90289CDE90045B3
:105160000B4A642106480CF0E1FF65E03808002096
:10517000240800209C010020400A0020445301081C
:10518000540A0020D00100206853010804020020C6
:105190008C530108D7ED057AB0EE087AF4EE477A21
:1051A000F1EE10FA11D1BB69A24A1360A14B1B6842
:1051B0001846FBF7C9F902460B46CDE900239E4A83
:1051C00064219E480CF0B2FF36E0D7ED057AB1EECF
:1051D000007AF4EE477AF1EE10FA12D1984B1B6880
:1051E000984A1360974B1B681846FBF7ADF90246C7
:1051F0000B46CDE90023944A642190480CF096FFB9
:105200001AE0D7ED057AB1EE047AF4EE477AF1EEC2
:1052100010FA11D18A4B5B688C4A13608B4B1B6868
:105220001846FBF791F902460B46CDE90023884A60
:10523000642182480CF07AFF864B05221A70F7E150
:1052400097F83430002B40F03081D7ED057AF5EE39
:10525000407AF1EE10FA38D17F49804802F0D7F851
:105260007D4B1B681846FBF76FF904460D467A4BD9
:105270005B681846FBF768F980468946764B9B6861
:105280001846FBF761F982468B46734BDB6818467C
:10529000FBF75AF9C7E900016F4B1B691846FBF78A
:1052A00053F902460B46CDE9082397ED007B8DEDBF
:1052B000067BCDE904ABCDE90289CDE90045684A1A
:1052C00064215E480CF032FFEBE0D7ED057AB7EED3
:1052D000007AF4EE477AF1EE10FA38D15E4961486F
:1052E00002F095F85C4B1B681846FBF72DF9044655
:1052F0000D46594B5B681846FBF726F980468946F0
:10530000554B9B681846FBF71FF982468B46524B5C
:10531000DB681846FBF718F9C7E900014E4B1B691B
:105320001846FBF711F902460B46CDE9082397ED25
:10533000007B8DED067BCDE904ABCDE90289CDE99B
:105340000045494A64213D480CF0F0FEA9E0D7ED44
:10535000057AB0EE007AF4EE477AF1EE10FA38D121
:105360003D49424802F053F83B4B1B681846FBF797
:10537000EBF804460D46384B5B681846FBF7E4F83B
:1053800080468946344B9B681846FBF7DDF8824619
:105390008B46314BDB681846FBF7D6F8C7E90001AE
:1053A0002D4B1B691846FBF7CFF802460B46CDE99B
:1053B000082397ED007B8DED067BCDE904ABCDE9AD
:1053C0000289CDE900452A4A64211C480CF0AEFE52
:1053D00067E0D7ED057AB0EE087AF4EE477AF1EEA1
:1053E00010FA0ED1134B1B681846FBF7ADF80246B6
:1053F0000B46CDE90023104A642110480CF096FEBC
:105400004FE0D7ED057AB1EE007AF4EE477AF1EE8F
:1054100010FA2FD10B4B1B681846FBF795F8024684
:105420000B46CDE90023084A642104480CF07EFEB7
:1054300037E000BF38020020B0530108540A0020B2
:10544000B80A00205C130020D45301086013002028
:10545000E853010824080020400A00209C01002095
:1054600044530108D00100206853010804020020C1
:105470008C530108D7ED057AB1EE047AF4EE477A41
:10548000F1EE10FA0DD1774B1B681846FBF75CF86C
:1054900002460B46CDE90023734A642173480CF0A1
:1054A00045FE734B05221A70C2E097F83430022B88
:1054B00040F0BE80D7ED057AF5EE407AF1EE10FAB5
:1054C00034D16C4B1B78DBB2002B14BF01230023BB
:1054D000DBB283F00103DBB203F00103DAB2654B08
:1054E0001A70644B1B78DBB283F00103DBB2002B34
:1054F0000FD0614B4FF00002DA605F4B4FF00002BB
:105500009A615D4B4FF00002DA615B4B4FF0000295
:105510001A62584B1B78DBB2002B01D0574B00E0CE
:10552000574B1A46642151480CF000FED7ED057A1E
:10553000B7EE007AF4EE477AF1EE10FA34D1514B1F
:105540001B78DBB2002B14BF01230023DBB283F0F6
:105550000103DBB203F00103DAB24A4B1A70494B84
:105560001B78DBB283F00103DBB2002B0FD0464B7C
:105570004FF00002DA60444B4FF000029A61424B58
:105580004FF00002DA61404B4FF000021A623D4BCF
:105590001B78DBB2002B01D03C4B00E03C4B1A46A1
:1055A000642132480CF0C2FDD7ED057AB0EE007AE6
:1055B000F4EE477AF1EE10FA34D1364B1B78DBB2B9
:1055C000002B14BF01230023DBB283F00103DBB205
:1055D00003F00103DAB22F4B1A702E4B1B78DBB2AB
:1055E00083F00103DBB2002B0FD02B4B4FF00002F6
:1055F000DA60294B4FF000029A61274B4FF000020E
:10560000DA61254B4FF000021A62224B1B78DBB2A5
:10561000002B01D0214B00E0214B1A466421134896
:105620000CF084FD124B06221A7001E000BF00E06E
:1056300000BF1C4B1B8801335A42C3F30803C2F35B
:10564000080258BF53429AB2164B1A80154B1B885A
:10565000B7F84E209A427FF42BAB052008F0E7FC08
:10566000FFF71ABB60130020E8530108540A00201A
:1056700024080020F00A00209C010020FC530108AF
:105680000C540108F10A0020D00100202054010828
:1056900034540108F20A0020040200204854010892
:1056A0005C5401083C0A002080B594B000AF7860DB
:1056B0000023FB640023BB6408F012FC38643A6CDE
:1056C000FB6CD31A632B03D9FFF76CF93B6CFB64BB
:1056D0003A6CBB6CD31AB3F5FA6F03D3FFF7F8F843
:1056E0003B6CBB645B4B1B78002B7DD0594B1B780C
:1056F000013B052B75D801A252F823F0155700087D
:10570000715700089D570008B5570008CD5700088D
:10571000D55700084F4B5B78012B17D14E4B1B78A8
:10572000DBB2032B06D14D48FFF7F0F8494B0022BE
:105730005A7055E0484B1B78DBB2012B50D14848DA
:10574000FFF7E4F8434B02225A7049E0414B5B7883
:10575000032B02D14348FFF7D9F83E4B5B78042B6B
:1057600002D14148FFF7D2F83A4B00225A7037E095
:10577000384BDB78002B0DD0364B5B7A07F10C00F1
:105780003A4A32210CF0D2FC07F10C031846FFF71D
:10579000BDF826E03648FFF7B9F822E02D4B1B791B
:1057A000002B03D03348FFF7B1F81AE03248FFF777
:1057B000ADF816E0274B5B79002B03D02F48FFF79D
:1057C000A5F80EE02E48FFF7A1F80AE02D48FFF7F4
:1057D0009DF806E0FFF71EFA2A48FFF797F800E069
:1057E00000BF1C4B00221A701A4B5B78002B2CD088
:1057F000184B5B78022B28D1174B1B78DBB2022B9E
:1058000023D1002387F847300FE097F847201E493F
:105810001346DB009B1A9B000B44183303221A70BB
:1058200097F84730013387F8473097F84730062B11
:10583000EBD9094B03221A701448FFF767F80748A1
:10584000FFF764F8034B00225A70142008F0EFFBB6
:1058500032E700BF2408002088120020705401089D
:1058600084540108A8540108BC540108D05401080C
:10587000E0540108EC540108FC5401080C550108DF
:1058800018550108540A00208C12002024550108E4
:1058900080B5CCB000AF07F59873A3F59673186088
:1058A0001A4B186807F108014FF0FF33002208F087
:1058B000CDFD0346002BF3D1154B1B686421184620
:1058C00008F05AFC0346002B19D107F108031946CA
:1058D0001048FDF776FF0346A7F82E310E4B1B68E4
:1058E000B7F82E210B49184607F0ECF80346002BB9
:1058F000D6D0074B1B68184608F090FCD0E7044B45
:105900001B68184608F08AFCCAE700BF400B00205D
:10591000440B0020701100203008002080B582B0B8
:1059200000AF7860064B1B687A689A4204D1054B39
:105930001B68184608F072FC00BF0837BD4680BDE2
:1059400030080020440B002080B5CCB000AF07F534
:105950009873A3F59673186007F59873A3F594727E
:1059600007F59873A3F596731B681046194640F225
:1059700023131A460CF049FD074B186807F108017C
:105980000023002208F002FDC7F82C0100BF07F534
:105990009877BD4680BD00BF400B002080B5B0B0F9
:1059A00000AF78600B46FB701346BB70604A7B68A3
:1059B00013605F4AFB7813715D4ABB785371F3EE55
:1059C0000E0ABBEE0E0A5B4801F0E0FCF3EE0E0A95
:1059D000BBEE0E0A584801F0D9FCDFED580A9FEDE6
:1059E000580A584801F0D2FC9FED550A514801F081
:1059F000E1FC9FED530A504801F0DCFC002201213C
:105A0000012008F02FFB03464F4A1360002240F2AA
:105A10002311322008F046FC03464C4A136007F17C
:105A20009C032422002118460CF007FC484BC7F8C1
:105A30009C304FF48063C7F8B0302023C7F8B430EF
:105A400007F178032422002118460CF0F6FB414BA5
:105A5000BB674FF48063C7F88C301823C7F89030C9
:105A600007F154032422002118460CF0E6FB3A4BC0
:105A70007B654FF48063BB661823FB6607F1300338
:105A80002422002118460CF0D8FB344B3B634FF422
:105A900080637B642023BB6407F10C032422002174
:105AA00018460CF0CAFB2E4BFB604FF480633B6240
:105AB00010237B6207F19C031A460021294808F055
:105AC00024FA0346284A136007F178031A46002196
:105AD000264808F01AFA0346254A136007F15403D2
:105AE0001A460021234808F010FA0346224A1360A0
:105AF00007F130031A460021204808F006FA034651
:105B00001F4A136007F10C031A4600211D4808F0D4
:105B1000FCF903461C4A1360054B1B684FF40072E6
:105B20001A49184607F03EF800BFC037BD4680BD91
:105B3000300800209C010020D001002000007A44A1
:105B40000000000004020020440B0020400B002055
:105B50003C550108445501084C55010854550108AD
:105B60006055010891580008300B0020894C00084E
:105B70002C0B0020A9560008340B00209D4600087D
:105B8000380B0020CD4700083C0B00203C080020CB
:105B900080B582B000AF78607B681A68084B1B68DC
:105BA0001B689A4207D1064B1B684FF400720549E7
:105BB000184606F0F7FF00BF0837BD4680BD00BF9E
:105BC000300800203C08002080B588B000AF786025
:105BD000AE4B186807F10C013223002208F036FCA6
:105BE0000346002B40F082833B7B013B042B00F2F9
:105BF000748301A252F823F00D5C00084B5E00088C
:105C0000856000082D610008C5610008A04B1B7865
:105C1000DBB2002B40F08F800023FB7783E0FA7F1C
:105C20009C491346DB009B1A9B000B440433186805
:105C3000FA7F98491346DB009B1A9B000B440833FC
:105C40001B68194605F016FFFA7F92491346DB00E0
:105C50009B1A9B000B4408331B68002B0DD1FA7F65
:105C60008C491346DB009B1A9B000B4404331B68D2
:105C70001B6840F2DC525A633EE0FA7F85491346C6
:105C8000DB009B1A9B000B4408331B68042B0DD1CF
:105C9000FA7F80491346DB009B1A9B000B440433B8
:105CA0001B681A6840F2DC53936325E0FA7F794958
:105CB0001346DB009B1A9B000B4408331B68082B20
:105CC0000DD1FA7F73491346DB009B1A9B000B44EE
:105CD00004331B681A6840F2DC53D3630CE0FA7F8C
:105CE0006C491346DB009B1A9B000B4404331B6872
:105CF0001A6840F2DC531364FA7F66491346DB00EE
:105D00009B1A9B000B44183301221A70FA7F6149D9
:105D10001346DB009B1A9B000B441A3364221A8043
:105D2000FB7F0133FB77FB7F062B7FF678AF584B69
:105D300001221A70D3E2564B1B78DBB2022B40F0E3
:105D4000CE820023BB7779E0BA7F52491346DB004D
:105D50009B1A9B000B4404331868BA7F4D491346C5
:105D6000DB009B1A9B000B4408331B68194605F0A7
:105D700081FEBA7F47491346DB009B1A9B000B4408
:105D800008331B68002B0DD1BA7F42491346DB0054
:105D90009B1A9B000B4404331B681B6840F2DC52C7
:105DA0005A633EE0BA7F3B491346DB009B1A9B00D7
:105DB0000B4408331B68042B0DD1BA7F35491346B9
:105DC000DB009B1A9B000B4404331B681A6840F2EB
:105DD000DC53936325E0BA7F2E491346DB009B1A00
:105DE0009B000B4408331B68082B0DD1BA7F29494F
:105DF0001346DB009B1A9B000B4404331B681A6894
:105E000040F2DC53D3630CE0BA7F22491346DB0037
:105E10009B1A9B000B4404331B681A6840F2DC5346
:105E20001364BA7F1B491346DB009B1A9B000B448B
:105E3000183303221A70BB7F0133BB77BB7F062B5D
:105E400082D9134B03221A7049E2114B1B78DBB243
:105E5000012B40F0918000237B7785E07A7F0D490C
:105E60001346DB009B1A9B000B4408331B68002B76
:105E700012D17A7F07491346DB009B1A9B000B4423
:105E800004331B681B6800225A6341E05013002052
:105E9000881200208C1200207A7FA2491346DB0072
:105EA0009B1A9B000B4408331B68042B0CD17A7F90
:105EB0009C491346DB009B1A9B000B4404331B6870
:105EC0001A680023936323E07A7F96491346DB0028
:105ED0009B1A9B000B4408331B68082B0CD17A7F5C
:105EE00090491346DB009B1A9B000B4404331B684C
:105EF0001A680023D3630BE07A7F8A491346DB00DC
:105F00009B1A9B000B4404331B681A68002313641C
:105F10007A7F84491346DB009B1A9B000B440433B1
:105F200018687A7F7F491346DB009B1A9B000B445D
:105F300008331B68194605F065FE7A7F79491346D8
:105F4000DB009B1A9B000B44183300221A707A7FE7
:105F500074491346DB009B1A9B000B441A33002242
:105F60001A807B7F01337B777B7F062B7FF676AFB2
:105F70006D4B00221A70B4E16B4B1B78DBB2032B24
:105F800040F0AF8100233B7775E03A7F65491346C7
:105F9000DB009B1A9B000B4408331B68002B0CD1C1
:105FA0003A7F60491346DB009B1A9B000B44043385
:105FB0001B681B6800225A633BE03A7F594913462D
:105FC000DB009B1A9B000B4408331B68042B0CD18D
:105FD0003A7F54491346DB009B1A9B000B44043361
:105FE0001B681A680023936323E03A7F4D491346E8
:105FF000DB009B1A9B000B4408331B68082B0CD159
:106000003A7F48491346DB009B1A9B000B4404333C
:106010001B681A680023D3630BE03A7F414913469B
:10602000DB009B1A9B000B4404331B681A68002397
:1060300013643A7F3B491346DB009B1A9B000B44D9
:10604000043318683A7F37491346DB009B1A9B00DC
:106050000B4408331B68194605F0D4FD3A7F3149DB
:106060001346DB009B1A9B000B44183302221A7064
:106070003B7F01333B773B7F062B86D92A4B02229D
:106080001A702EE17B7B062B00F22D817B7B1A465A
:106090001346DB009B1A9B00224A13443B613B6979
:1060A0001B7E002B35D13B695A683B699B681946BA
:1060B000104605F0DFFC3B699B68002B06D13B696D
:1060C0005B681B6840F2DC525A631BE03B699B68CB
:1060D000042B06D13B695B681A6840F2DC5393637A
:1060E00010E03B699B68082B06D13B695B681A6826
:1060F00040F2DC53D36305E03B695B681A6840F209
:10610000DC5313643B6901221A763B6964225A838B
:10611000E9E03B691B7E022B40F0E5803B690322EE
:106120001A76E0E08C120020881200207B7B062B80
:1061300000F2DB807B7B1A461346DB009B1A9B0038
:10614000934A13447B617B699B68002B05D17B6973
:106150005B681B6800225A6318E07B699B68042B0C
:1061600005D17B695B681A68002393630EE07B6945
:106170009B68082B05D17B695B681A680023D36391
:1061800004E07B695B681A68002313647B695A68C2
:106190007B699B681946104605F034FD7B691B7EC0
:1061A000012B06D17B6900221A767B6900225A8373
:1061B0009BE07B691B7E032B40F097807B6902226A
:1061C0001A7692E00023FB767FE0FA7E7049134650
:1061D000DB009B1A9B000B4408331B68002B0CD17F
:1061E000FA7E6B491346DB009B1A9B000B44043379
:1061F0001B681B6800225A633BE0FA7E6449134621
:10620000DB009B1A9B000B4408331B68042B0CD14A
:10621000FA7E5F491346DB009B1A9B000B44043354
:106220001B681A680023936323E0FA7E58491346DB
:10623000DB009B1A9B000B4408331B68082B0CD116
:10624000FA7E53491346DB009B1A9B000B44043330
:106250001B681A680023D3630BE0FA7E4C4913468F
:10626000DB009B1A9B000B4404331B681A68002355
:106270001364FA7E46491346DB009B1A9B000B44CD
:1062800004331868FA7E42491346DB009B1A9B00D0
:106290000B4408331B68194605F0B4FCFA7E3C49F0
:1062A0001346DB009B1A9B000B44183300221A7024
:1062B000FA7E37491346DB009B1A9B000B441A33C6
:1062C00000221A80FB7E0133FB76FB7E062B7FF6D5
:1062D0007CAF304B00221A7008E000BF06E000BF20
:1062E00004E000BF02E000BF00E000BF294B1B78C4
:1062F000DBB2012B47D10123BB7600237B7639E04B
:106300007A7E23491346DB009B1A9B000B4418330B
:106310001B78012B2BD17A7E1D491346DB009B1A7B
:106320009B000B441A331B88002B16D07A7E184929
:106330001346DB009B1A9B000B441A331B88013B5E
:1063400098B213491346DB009B1A9B000B441A3387
:1063500002461A800023BB7609E07A7E0C49134678
:10636000DB009B1A9B000B44183302221A707B7EC1
:1063700001337B767B7E062BC2D9BB7E002B02D0FD
:10638000044B02221A700A2007F051FE20E400BFDD
:106390008C1200208812002080B58AB000AF002344
:1063A00087F827305CE097F8272040491346DB0048
:1063B0009B1A9B000B4497F827201A7097F8272008
:1063C0003A491346DB009B1A9B000B44043300221E
:1063D0001A6097F8272035491346DB009B1A9B006B
:1063E0000B44083300221A6097F827202F491346E0
:1063F000DB009B1A9B000B440C3300221A7097F8A9
:1064000027202A491346DB009B1A9B000B440D33BF
:1064100000221A7097F8272024491346DB009B1AA4
:106420009B000B44103300221A7097F827201F4955
:106430001346DB009B1A9B000B44183300221A7092
:1064400097F8272019491346DB009B1A9B000B4441
:106450001A3300221A8097F82730013387F8273043
:1064600097F82730062B9ED9002202210A2007F038
:1064700019FF03460E4A13603B46242200211846AA
:106480000BF0DBFE0B4B3B604FF400737B6118237A
:10649000BB613B461A460021074807F036FD03461C
:1064A000064A136000BF2837BD4680BD8C1200200D
:1064B0005013002070550108C95B000854130020D8
:1064C00080B582B000AF01233B7100237B71054B87
:1064D0001868391D0023002207F058FF00BF083755
:1064E000BD4680BD5013002080B582B000AF0223AE
:1064F0003B7100237B71054B1868391D0023002276
:1065000007F044FF00BF0837BD4680BD5013002090
:1065100080B485B000AF0346B9607A60FB73FA7B44
:106520000C491346DB009B1A9B000B440433BA68EA
:106530001A60FA7B07491346DB009B1A9B000B4449
:1065400008337A681A6000BF1437BD465DF8047BD3
:10655000704700BF8C12002080B483B000AF0346A8
:106560000A46FB711346BB80FA7934491346DB00B7
:106570009B1A9B000B4418331B78032B57D1FA79D5
:106580002E491346DB009B1A9B000B4408331B6803
:10659000002B0DD1FA7929491346DB009B1A9B0089
:1065A0000B4404331B681B68B7F904205A633EE0B0
:1065B000FA7922491346DB009B1A9B000B440833EF
:1065C0001B68042B0DD1FA791C491346DB009B1A7A
:1065D0009B000B4404331B681A68B7F904309363BB
:1065E00025E0FA7915491346DB009B1A9B000B4402
:1065F00008331B68082B0DD1FA7910491346DB00CC
:106600009B1A9B000B4404331B681A68B7F90430CB
:10661000D3630CE0FA7909491346DB009B1A9B000F
:106620000B4404331B681A68B7F90430136400BFC5
:106630000C37BD465DF8047B704700BF8C1200200C
:1066400080B584B000AF78600023FB730DE0FB7B66
:106650005B007A681344B3F90020FB7B11461846AF
:10666000FFF77AFFFB7B0133FB73FB7B062BEED935
:1066700000BF00BF1037BD4680BD000080B590B0A0
:1066800002AF87ED050AC7ED040A87ED031AC7EDCF
:10669000021A87ED012AC7ED002A304B1B7883F0E0
:1066A0000103DBB2002B17D000237B6309E07B6B77
:1066B0005B012B4A13441846FCF73EF87B6B013311
:1066C0007B637B6B062BF2DD264A27492748FBF7C5
:1066D00075F9224B01221A7007F1180300221A6083
:1066E0005A609A60DA601A615A61D7ED057A9FEDB7
:1066F000207A67EE877AC7ED067AD7ED047A9FEDA8
:106700001C7A67EE877AC7ED077AFB683B62BB6845
:106710007B627B68BB62D7ED007A9FED157A67EEEE
:10672000877AC7ED0B7A134BD3ED007A07F1180186
:10673000114B0193114B00930523094AB0EE670AF0
:106740000A48FCF7C6F838633B6B002B02D10A48B5
:10675000FFF776FF00BF3837BD4680BD58130020D5
:10676000A800002054000020000000206007002046
:106770000000C8429801002088010020080800207D
:1067800080B588B004AF786039607B683A681A6079
:106790007B68D0229A807B6800221A767B681B680F
:1067A000184602F0E1FE7B681B68184602F098FD6F
:1067B000052001F0C3FD7B6818687B689988642315
:1067C00002930123019307F10F0300930123752224
:1067D00002F0F4FF0346002B02D1FB7B682B01D0B3
:1067E000012358E08023BB737B6818687B68998815
:1067F000642302930123019307F10E030093012305
:106800006B2202F0E1FE0346002B01D0012342E09F
:10681000642001F093FD0123BB737B6818687B68DB
:106820009988642302930123019307F10E030093D7
:1068300001236B2202F0C8FE0346002B01D0012386
:1068400029E00723BB737B6818687B6899886423F9
:1068500002930123019307F10E03009301236822A1
:1068600002F0B2FE0346002B01D0012313E00A2000
:1068700001F064FD7B684FF00002DA607B684FF046
:1068800000021A6101F04EFD02467B689A607B6847
:1068900001221A76002318461037BD4680BD00003D
:1068A00080B52DED028BA2B004AF786107F12C0307
:1068B00000221A605A609A607B691B681B689B699A
:1068C00003F00203022B09D17B6900221A767B694F
:1068D0001B6819467869FFF753FF4AE17B6918681E
:1068E0007B699988052302930E23019307F11C030A
:1068F000009301233B2202F061FF0346002B09D0E5
:106900007B6900221A767B691B6819467869FFF754
:1069100037FF2EE17B6901221A763B7F1B021AB2F8
:106920007B7F1BB21343A7F87230BB7F1B021AB2E6
:10693000FB7F1BB21343A7F8703097F820301B027F
:106940001AB297F821301BB21343A7F86E3097F8AC
:1069500024301B021AB297F825301BB21343A7F854
:106960006C3097F826301B021AB297F827301BB20A
:106970001343A7F86A3097F828301B021AB297F829
:1069800029301BB21343A7F86830B7F9723007EE0D
:10699000903AB8EEE77ADFEDA66AC7EE267AC7ED41
:1069A000197AB7F9703007EE903AB8EEE77ADFED72
:1069B000A06AC7EE267AC7ED187AB7F96E3007EEEF
:1069C000903AB8EEE77ADFED9A6AC7EE267AC7ED1D
:1069D000177AB7F96C3007EE903AB8EEE77ADFED48
:1069E000956AC7EE267AC7ED167AB7F96A3007EED0
:1069F000903AB8EEE77ADFED8F6AC7EE267AC7EDF8
:106A0000157AB7F9683007EE903AB8EEE77ADFED1D
:106A1000896AC7EE267AC7ED147A01F083FCF86420
:106A20007B699B68FA6CD31A07EE903AB8EE677AE6
:106A3000DFED816AC7EE267AC7ED1D7A7B69FA6CB5
:106A40009A60D7ED1D7AF5EEC07AF1EE10FA08D90A
:106A5000D7ED1D7A9FED797AF4EEC77AF1EE10FA50
:106A600001DD774B7B67D7ED187AB1EE678AD7EDFA
:106A7000197A27EEA77AD7ED177A67EEA77A77EE1D
:106A8000277AB0EE670A0DF00BFDF0EE407AF0EEDB
:106A9000670AB0EE480A0DF001FDF0EE407A9FED76
:106AA000697A67EE877AC7ED127AD7ED197AB1EE77
:106AB000678AD7ED187A27EEA77AD7ED177A67EEAF
:106AC000A77A77EE277AB0EE670A0DF0E9FCF0EED0
:106AD000407AF0EE670AB0EE480A0DF0DFFCF0EE07
:106AE000407A9FED587A67EE877AC7ED117A7B6915
:106AF00093ED037AD7ED166AD7ED1D7A66EEA77A85
:106B000077EE677A9FED507A27EE877AD7ED127A83
:106B1000DFED4E6A67EEA67A77EE277A7B69C3EDE2
:106B2000037A7B6993ED047AD7ED156AD7ED1D7A68
:106B300066EEA77A77EE277A9FED437A27EE877A7B
:106B4000D7ED117ADFED416A67EEA67A77EE277A04
:106B50007B69C3ED047A7B6993ED057AD7ED146AFE
:106B6000D7ED1D7A66EEA77A77EE277A7B69C3EDBB
:106B7000057A7B69D3ED037A9FED357A67EE877AE4
:106B8000B0EE670A0DF038FDF0EE407ADFED306AC6
:106B900087EEA67A2F4BD3ED007A77EE677AC7EDB2
:106BA0000B7A7B69D3ED047A9FED297A67EE877AB9
:106BB000B0EE670A0DF020FDF0EE407ADFED246ABA
:106BC00087EEA67A244BD3ED007A77EE677AC7ED8D
:106BD0000C7A7B69D3ED057A9FED1D7A67EE877A93
:106BE000B0EE670A0DF008FDB0EE407ADFED186AEE
:106BF000C7EE267AC7ED0D7A07F1380307F12C02AC
:106C000007CA83E80700B96BFA6B3B6C06EE901A73
:106C100007EE102A07EE903AB0EE660AF0EE470A49
:106C2000B0EE671A7837BD46BDEC028B80BD00BF61
:106C3000000080460000034300007A44CDCCCC3DE8
:106C40000AD7A33CE12E654248E17A3F00D7A33C36
:106C50000000C8425C1300206013002080B584B09F
:106C600000AFF860B9607A60FB68BA681A60FB68C8
:106C70007A685A60FB6800221A72FB685B68002120
:106C8000184604F0F7FE642001F058FBFB681B680F
:106C9000184604F003F850221D21F86800F0B0F8FF
:106CA00003461A46404B1A8060221D21F86800F006
:106CB000A7F803461A463D4B1A8090221D21F8681A
:106CC00000F09EF803461A46394B1A80A0221D2177
:106CD000F86800F095F803461A46364B1A80324B96
:106CE0001B885B089AB2304B1A802F4B1B889B0283
:106CF0001BB203F480631AB22C4B1B889B099BB216
:106D00001BB213431BB29AB22B4B1A80274B1B8822
:106D100003F03F039AB2294B1A80254B1B889B0135
:106D20001BB203F47C631AB2224B1B881BB203F024
:106D30003F031BB213431BB29AB21C4B1A801D4B6C
:106D40001B889B099AB21A4B1A80194B1B889B0906
:106D50009AB2184B1A80F86800F09BF803461A465E
:106D6000174B1A80F86800F0DBF803461A46154BFB
:106D70001A80134B1B884FF6FF72934209D0114BB8
:106D80001B884FF6FF72934203D00D4B1B88002BDC
:106D900001D1002303E0FB6801221A720123184687
:106DA0001037BD4680BD00BF681300206A13002065
:106DB0006C1300206E13002070130020721300204B
:106DC000641300206613002080B584B000AF7860A3
:106DD0000A4A07F10C031268114619800233120C9B
:106DE0001A707B68186807F10C014FF0FF3303221B
:106DF00003F0DDFF00BF1037BD4680BD80550108A0
:106E000080B584B000AF78600B46FB701346BB7052
:106E1000FB783B73BB787B7300233B817868FFF77B
:106E2000D3FF7B68186807F10C014FF0FF33022293
:106E300003F0BDFF7B681B6800221A617B681B683A
:106E400001225A617B681B68184603F027FF7B68A4
:106E5000186807F108014FF0FF33022204F0EBF845
:106E60007B681B6800221A617B681B6800225A61DC
:106E70007B681B68184603F011FF3B7A1B021AB2AD
:106E80007B7A1BB213431BB29BB218461037BD4628
:106E900080BD80B584B000AF786044F20F03BB8141
:106EA00000233B817868FFF78FFF7B68186807F144
:106EB0000C014FF0FF33022203F079FF232001F091
:106EC0003DFA7B681B6800221A617B681B680122FF
:106ED0005A617B681B68184603F0E0FE7B681868FF
:106EE00007F108014FF0FF33022204F0A4F87B6899
:106EF0001B6800221A617B681B6800225A617B684C
:106F00001B68184603F0CAFE3B7A1B021AB27B7A52
:106F10001BB213431BB29BB218461037BD4680BD4F
:106F200080B584B000AF786042F20F03BB810023CC
:106F30003B817B68186807F10C014FF0FF33022298
:106F400003F035FF232001F0F9F97B681B6800226C
:106F50001A617B681B6801225A617B681B681846AE
:106F600003F09CFE7B68186807F108014FF0FF33BF
:106F7000022204F060F87B681B6800221A617B68BB
:106F80001B6800225A617B681B68184603F086FE66
:106F90003B7A1B021AB27B7A1BB213431BB29BB221
:106FA00018461037BD4680BD80B594B000AF7861FB
:106FB00007F1180300221A605A609A607869FFF797
:106FC00068FF03461A46634B1A807869FFF7A8FFEB
:106FD00003461A46604B1A805E4B1B884FF6FF72C1
:106FE000934209D05C4B1B884FF6FF72934203D04B
:106FF000584B1B88002B0AD17B6900221A7207F1BB
:10700000240307F1180207CA83E8070090E07B69B0
:1070100001221A72514B1B88DB0003F59E43FB646F
:107020004D4B1B881A46FB6CD31ABB644C4B1B8818
:107030003233BA6C02FB03F39B12C8337B64494BB7
:107040001B889A00484B1B88A3F50073B96C01FBA1
:1070500003F31B1313443B64444B1B881A46444BF5
:107060001B881946BB6C01FB03F39B12134403F509
:10707000C043FB63374B1B88A3F5E053FA6B02FB5D
:1070800003F39A133B6CD31ABB63BA6B13469B0092
:1070900013445B005B1103F6C4137B637B6C07EE48
:1070A000903AB8EEE77AF2EE046AC7EE267AC7EDB8
:1070B000067A7B6B07EE903AB8EEE77AF2EE046A56
:1070C000C7EE267AC7ED077A97ED077A294BD3EDFD
:1070D000007A77EE677AC7ED0C7AD7ED0C7A9FEDE0
:1070E000267A67EE877AB0EE670A0DF085FAB0EE81
:1070F000407ADFED216AC7EE267AC7ED0C7AD7ED2C
:107100000C7AF5EEC07AF1EE10FA06DDD7ED0C7AC6
:107110009FED1A7A67EE877A01E0DFED197AC7ED05
:10712000087A07F1240307F1180207CA83E8070069
:10713000796ABA6AFB6A06EE901A07EE102A07EE21
:10714000903AB0EE660AF0EE470AB0EE671A503792
:10715000BD4680BD6413002066130020701300201C
:10716000721300206A1300206E13002068130020A1
:107170006C130020380200200000C8425C8F823F60
:107180000000000080B485B000AF87ED030AC7EDB2
:10719000020A87ED011A97ED037AD7ED027AB4EE71
:1071A000E77AF1EE10FA01D5BB680BE097ED037AB0
:1071B000D7ED017AB4EEE77AF1EE10FA01DD7B68E3
:1071C00000E0FB6807EE903AB0EE670A1437BD4660
:1071D0005DF8047B704780B58AB000AFF86087ED3A
:1071E000020AC7ED010AFB6893ED037AD7ED027A34
:1071F00077EE677AC7ED097AFB68D3ED007A97EDF1
:10720000097A67EE277AC7ED087AFB6893ED017A71
:10721000D7ED097A27EE277AD7ED017A27EE277A7C
:10722000FB68D3ED067A77EE277AFB68C3ED067A22
:10723000FB68D3ED077A97ED097A77EE676A97EDE9
:10724000017AC6EE877AC7ED077AFB6893ED097A73
:10725000FB68D3ED087AD7ED076A76EEE77A27EE7A
:10726000277AFB68D3ED087A77EE277AFB68C3EDBF
:10727000087AFB6893ED027AFB68D3ED087A67EE33
:10728000277AC7ED067AFB6893ED067AD7ED087A80
:1072900077EE277A97ED067A77EE277AC7ED057AAB
:1072A000FB68D3ED0A7AFB6893ED0B7AB0EE471AD0
:1072B000F0EE670A97ED050AFFF764FF87ED040A11
:1072C000FB6893ED0C7AD7ED046AD7ED057A76EE7C
:1072D000E77A27EE277AFB68D3ED067A77EE277AEE
:1072E000FB68C3ED067AFB687A6ADA613B6907EEF0
:1072F000903AB0EE670A2837BD4680BD80B489B0A9
:1073000000AFF86187ED060AC7ED050A87ED041A9C
:10731000C7ED031A87ED022AC7ED012A87ED003A6F
:10732000FB69BA691A60FB697A695A60FB693A6954
:107330009A60FB69FA685A62FB69BA68DA62FB69AB
:107340007A689A62FB693A681A63FB694FF0000237
:10735000DA60FB690B4A1A61FB690B4A5A61FB69E7
:107360004FF000029A61FB694FF00002DA61FB699D
:107370004FF000021A6200BF2437BD465DF8047B5F
:10738000704700BF00003443000034C380B485B0B0
:1073900000AFF86087ED020AC7ED010AFB68BA6822
:1073A0005A61FB687A681A6100BF1437BD465DF800
:1073B000047B704780B483B000AF786087ED000A2B
:1073C0007B68D3ED047A97ED007AB4EEE77AF1EEBC
:1073D00010FA04DD7B681A697B68DA6011E07B686B
:1073E000D3ED057A97ED007AB4EEE77AF1EE10FA74
:1073F00004D57B685A697B68DA6002E07B683A688A
:10740000DA6000BF0C37BD465DF8047B704780B47E
:1074100083B000AF786039607B681A683B681A6097
:107420003B6804337A6852681A603B6808337A68AC
:1074300092681A603B680C337A68526A1A603B683B
:1074400010337A68126B1A6000BF0C37BD465DF8C6
:10745000047B704780B588B004AF786039607B6882
:107460003A681A607B681A229A807B680022DA8068
:107470007B6800221A817B6800225A817B68002287
:107480001A737B681B68184602F06EF87B681B68ED
:10749000184601F025FF052000F050FF7B681868B2
:1074A0007B689988642302930123019307F10F03FA
:1074B000009301230D2202F081F90346002B02D133
:1074C000FB7BFF2B01D0002332E01D23BB737B68C5
:1074D00018687B689988642302930123019307F15C
:1074E0000E0300930123092202F06EF80346002BDD
:1074F00001D000231CE00123BB737B6818687B6804
:107500009988642302930123019307F10E030093EA
:1075100001230A2202F058F80346002B01D0002371
:1075200006E00A2000F00AFF7B6801221A7301239B
:1075300018461037BD4680BD80B58CB004AF78606A
:107540000B467B8047F6FF73FB834FF40043BB83FE
:1075500047F6FF737B834FF400433B8300F0E2FE6A
:10756000786155E00023FB727B6818687B68998816
:107570000A2302930123019307F10B0300930123D4
:10758000062202F01BF9FB7A03F00103002B3CD02A
:107590007B6818687B6899880A2302930423019307
:1075A00007F10C0300930123002202F007F97B7B13
:1075B0001B021AB23B7B1BB213437B82FB7B1B0279
:1075C0001AB2BB7B1BB213433B82B7F91220B7F947
:1075D0001E309A4201DA7B8AFB83B7F91220B7F991
:1075E0001C309A4201DD7B8ABB83B7F91020B7F9C2
:1075F0001A309A4201DA3B8A7B83B7F91020B7F937
:1076000018309A4201DD3B8A3B830A2000F096FE47
:1076100000F088FE02467B69D21A7B889A42A1D389
:10762000B7F91C20B7F91E301344DA0F13445B106E
:107630001AB27B68DA80B7F91820B7F91A30134408
:10764000DA0F13445B101AB27B681A8100BF20372F
:10765000BD4680BD90B599B004AF786107F12403B1
:1076600000221A605A609A60DA60002387F84B3073
:107670007B691B681B689B6903F00203022B09D11D
:107680007B6900221A737B691B6819467869FFF7CA
:10769000E1FE83E07B6918687B6999880A2302937D
:1076A0000623019307F11C0300930123002202F03B
:1076B00085F80346002B09D07B6900221A737B6989
:1076C0001B6819467869FFF7C5FE67E07B690122F0
:1076D0001A737B7F1B021AB23B7F1BB21343A7F8BE
:1076E0004830FB7F1B021AB2BB7F1BB21343A7F8C3
:1076F000463097F821301B021AB297F820301BB29F
:107700001343A7F84430B7F948307A69B2F9062034
:107710009B1A07EE903AF8EEE77AC7ED0A7AB7F9C6
:1077200046307A69B2F908209B1A07EE903AF8EED3
:10773000E77AC7ED0B7AB7F944307A69B2F90A20D3
:107740009B1A07EE903AF8EEE77AC7ED0C7AD7ED80
:107750000B7A97ED0A7AF0EE470AB0EE670A0CF062
:107760009DFE87ED130AD7ED137AF5EEC07AF1EEA0
:1077700010FA07D5D7ED137A9FED177A77EE877A4F
:10778000C7ED137AD7ED137A9FED147A27EE877A37
:10779000DFED136AC7EE267AC7ED097A07F13404E4
:1077A00007F124030FCB84E80F00786BB96BFA6BF9
:1077B0003B6C06EE100A06EE901A07EE102A07EE52
:1077C000903AB0EE460AF0EE660AB0EE471AF0EED6
:1077D000671A5437BD4690BDDB0FC94000003443E3
:1077E000DB0F494080B52DED028B8AB000AFF86009
:1077F00087ED020AC7ED010AD7ED027A9FED487ABC
:1078000027EE877ADFED476AC7EE267AC7ED087A5A
:10781000D7ED017A9FED427A27EE877ADFED416A54
:10782000C7EE267AC7ED077AFB6893ED018A97EDDC
:10783000070A0CF053FEF0EE407A28EE278AFB6828
:10784000D3ED038A97ED070A0CF08CFEF0EE407A38
:1078500068EEA77A78EE277AC7ED067AFB6893ED93
:10786000018A97ED080A0CF07DFEF0EE407A28EED2
:10787000278A97ED070A0CF075FEF0EE407A28EEA5
:10788000278AFB68D3ED028A97ED080A0CF026FEE2
:10789000F0EE407A68EEA77A38EE278AFB68D3EDDF
:1078A000038A97ED080A0CF05DFEF0EE407A68EE70
:1078B000A78A97ED070A0CF011FEF0EE407A68EE09
:1078C000A77A78EE677AC7ED057AD7ED060A97EDC5
:1078D000050A0CF0E3FD87ED090AD7ED097AF5EE0C
:1078E000C07AF1EE10FA07D5D7ED097A9FED0E7A3E
:1078F00077EE877AC7ED097AD7ED097A9FED097A95
:1079000067EE877A9FED067AC7EE876AF0EE667AB1
:10791000B0EE670A2837BD46BDEC028B80BD00BFC4
:10792000DB0F494000003443DB0FC94080B582B013
:1079300000AF00237B60164B5B6C154A43F4804319
:107940005364134B5B6C03F480437B607B680023C0
:107950003B600F4B1B6C0E4A43F0805313640C4B7F
:107960001B6C03F080533B603B6800220F216FF0DB
:10797000010000F0BFFD00220521512000F0BAFDFA
:10798000512000F0D3FD00BF0837BD4680BD00BFC9
:107990000038024080B58CB000AF786007F11C035E
:1079A00000221A605A609A60DA601A617B681B686C
:1079B000324A93422CD10023BB61314B1B6B304ABE
:1079C00043F0020313632E4B1B6B03F00203BB61F6
:1079D000BB69C023FB6112233B6200237B6203234C
:1079E000BB620423FB6207F11C031946254801F022
:1079F000ADF900237B61224B1B6C214A43F4001339
:107A000013641F4B1B6C03F400137B617B6931E033
:107A10007B681B681C4A93422CD100233B61184BA6
:107A20001B6B174A43F002031363154B1B6B03F0E8
:107A300002033B613B694FF44063FB6112233B62ED
:107A400000237B620323BB620423FB6207F11C0358
:107A500019460C4801F07AF90023FB60084B1B6CB7
:107A6000074A43F480031364054B1B6C03F4800343
:107A7000FB60FB6800BF3037BD4680BD005400404E
:107A800000380240000402400058004080B582B037
:107A900000AF78607B681B68154A93420ED1154B86
:107AA0001B6C144A23F4001313644021124801F0A4
:107AB000E9FA8021104801F0E5FA14E07B681B68C0
:107AC0000E4A93420FD10B4B1B6C0A4A23F48003DE
:107AD00013644FF48061084801F0D4FA4FF4006158
:107AE000054801F0CFFA00BF0837BD4680BD00BF92
:107AF000005400400038024000040240005800409A
:107B000080B58AB000AF786007F1140300221A60D4
:107B10005A609A60DA601A617B681B68194A93425E
:107B20002BD100233B61184B5B6C174A43F4805305
:107B30005364154B5B6C03F480533B613B6900233A
:107B4000FB60114B1B6B104A43F0010313630E4B98
:107B50001B6B03F00103FB60FB68E0237B610223E6
:107B6000BB610023FB6103233B6205237B6207F1BA
:107B700014031946054801F0E9F800BF2837BD464F
:107B800080BD00BF003001400038024000000240CC
:107B900080B487B000AF78607B681B68294A934245
:107BA0000ED100237B61284B5B6C274A43F0010315
:107BB0005364254B5B6C03F001037B617B693AE006
:107BC0007B681B68B3F1804F0ED100233B611E4BD5
:107BD0001B6C1D4A43F0010313641B4B1B6C03F029
:107BE00001033B613B6926E07B681B68174A9342AF
:107BF0000ED10023FB60144B5B6C134A43F002036D
:107C00005364114B5B6C03F00203FB60FB6812E0F2
:107C10007B681B680E4A93420DD10023BB600A4B60
:107C20005B6C094A43F400335364074B5B6C03F409
:107C30000033BB60BB6800BF1C37BD465DF8047BEA
:107C4000704700BF000001400038024000040140BE
:107C50000044014080B58CB000AF786007F11C0390
:107C600000221A605A609A60DA601A617B681B68A9
:107C7000494A93421FD10023BB61484B1B6B474AC3
:107C800043F001031363454B1B6B03F00103BB611E
:107C9000BB694FF47063FB6102233B6200237B628C
:107CA0000023BB620123FB6207F11C0319463C4819
:107CB00001F04CF86CE07B681B68B3F1804F1ED17B
:107CC00000237B61354B1B6B344A43F00103136384
:107CD000324B1B6B03F001037B617B690123FB616A
:107CE00002233B6200237B620023BB620123FB6211
:107CF00007F11C0319462A4801F028F848E07B6880
:107D00001B68284A93421FD100233B61234B1B6B06
:107D1000224A43F004031363204B1B6B03F004035C
:107D20003B613B694FF4E073FB6102233B6200233C
:107D30007B620023BB620323FB6207F11C0319462D
:107D4000194801F003F823E07B681B68174A934247
:107D50001ED10023FB60114B1B6B104A43F0020342
:107D600013630E4B1B6B03F00203FB60FB684FF4C5
:107D70008073FB6102233B6200237B620023BB62B2
:107D80000323FB6207F11C031946094800F0DEFFDC
:107D900000BF3037BD4680BD0000014000380240C2
:107DA000000002400004014000080240004401407D
:107DB0000004024080B58AB000AF786007F1140378
:107DC00000221A605A609A60DA601A617B681B6848
:107DD0004D4A934240F0938000233B614B4B1B6C18
:107DE0004A4A43F400331364484B1B6C03F40033DA
:107DF0003B613B690023FB60444B1B6B434A43F0F0
:107E000001031363414B1B6B03F00103FB60FB6831
:107E10000C237B610223BB610023FB6103233B62D4
:107E200007237B6207F114031946394800F08EFFDF
:107E3000384B394A1A60374B4FF000625A60354B65
:107E400000229A60334B0022DA60324B4FF480629A
:107E50001A61304B00225A612E4B00229A612D4B41
:107E60004FF48072DA612B4B4FF400321A62294BC7
:107E700000225A62274800F067FB0346002B01D01E
:107E8000F9F796FD7B68234ADA63224A7B6893639D
:107E9000224B234A1A60214B4FF000625A601F4B5D
:107EA00040229A601D4B0022DA601C4B4FF4806226
:107EB0001A611A4B00225A61184B00229A61174B23
:107EC0000022DA61154B4FF400321A62134B002284
:107ED0005A62124800F038FB0346002B01D0F9F734
:107EE00067FD7B680D4A9A630C4A7B6893630022A6
:107EF0000521262000F0FEFA262000F017FB00BF27
:107F00002837BD4680BD00BF004400400038024015
:107F100000000240A0060020886002400007002008
:107F2000A060024080B58EB000AF78600023FB6295
:107F30000023BB620023FB60334B1B6C324A43F0CF
:107F400010031364304B1B6C03F01003FB60FB68E1
:107F500007F1100207F114031146184602F06CFEF7
:107F60003B6AFB62FB6A002B03D102F03DFE7863A3
:107F700004E002F039FE03465B007B637B6B234A1F
:107F8000A2FB03239B0C013BBB62214B214A1A60DD
:107F90001F4B40F2E732DA601D4ABB6A53601C4B4C
:107FA00000221A611A4B00229A60194B00229A6132
:107FB000174803F045FC034687F8333097F8333011
:107FC000002B1BD1124803F08BFC034687F833309B
:107FD00097F83330002B11D1362000F0A7FA7B68D8
:107FE0000F2B08D800227968362000F083FA0A4A5D
:107FF0007B68136002E0012387F8333097F8333051
:1080000018463837BD4680BD0038024083DE1B432A
:1080100074130020001000404002002080B400AF24
:1080200000BFFDE780B400AF00BFFDE780B400AF44
:1080300000BFFDE780B400AF00BFFDE780B400AF34
:1080400000BFFDE780B400AF00BFBD465DF8047B14
:108050007047000080B500AF024800F00DFC00BF83
:1080600080BD00BFA006002080B500AF024800F030
:1080700003FC00BF80BD00BF0007002080B500AF3B
:10808000024804F0B5FD00BF80BD00BF58060020C7
:1080900080B500AF024803F025FE00BF80BD00BFE1
:1080A0007413002080B400AF00BFBD465DF8047BB0
:1080B000704780B400AF01231846BD465DF8047BCD
:1080C000704780B582B000AF786039600AF070F90F
:1080D000034616221A604FF0FF3318460837BD4694
:1080E00080BD80B582B000AF78604FF0FF31786816
:1080F000FFF7E7FF00BFFDE780B586B000AFF8608F
:10810000B9607A6000237B610AE0AFF3008001462A
:10811000BB685A1CBA60CAB21A707B6901337B61B2
:108120007A697B689A42F0DB7B6818461837BD464F
:1081300080BD80B586B000AFF860B9607A6000237A
:108140007B6109E0BB685A1CBA601B781846AFF324
:1081500000807B6901337B617A697B689A42F1DB3D
:108160007B6818461837BD4680BD80B483B000AF29
:1081700078604FF0FF3318460C37BD465DF8047B3E
:10818000704780B483B000AF786039603B684FF4CB
:1081900000525A60002318460C37BD465DF8047B38
:1081A000704780B483B000AF7860012318460C3765
:1081B000BD465DF8047B704780B485B000AFF860C1
:1081C000B9607A60002318461437BD465DF8047B19
:1081D0007047000080B586B000AF7860144A154B38
:1081E000D31A7B617B693B61134B1B68002B02D167
:1081F000114B124A1A60104B1A687B6813443A6993
:108200009A4207D20AF0D4F803460C221A604FF0C3
:10821000FF3309E0084B1B68FB60074B1A687B685B
:108220001344054A1360FB6818461837BD4680BDE5
:108230000000022000040000BC130020F8A200206F
:1082400080B400AF064BD3F88830054A43F470037E
:10825000C2F8883000BFBD465DF8047B704700BFA0
:1082600000ED00E0DFF834D0FFF7EAFF0C480D49DD
:108270000D4A002302E0D458C4500433C4188C4281
:10828000F9D30A4A0A4C002301E013600432A242E7
:10829000FBD30AF093F8F8F717FF704700000220AD
:1082A0000000002014040020E86F010814040020DE
:1082B000F8A20020FEE7000080B500AF0E4B1B685F
:1082C0000D4A43F4007313600B4B1B680A4A43F4D6
:1082D00080631360084B1B68074A43F48073136084
:1082E000032000F0FCF80F20FFF71CFEFFF71EFB39
:1082F0000023184680BD00BF003C024080B400AFA0
:10830000064B1B781A46064B1B681344044A13603D
:1083100000BFBD465DF8047B704700BF44020020EB
:10832000C013002080B400AF034B1B681846BD4645
:108330005DF8047B704700BFC013002080B584B097
:1083400000AF7860FFF7EEFFB8607B68FB60FB680A
:10835000B3F1FF3F05D00A4B1B781A46FB68134464
:10836000FB6000BFFFF7DEFF0246BB68D31AFA6866
:108370009A42F7D800BF00BF1037BD4680BD00BF8E
:108380004402002080B485B000AF78607B6803F0C1
:108390000703FB600C4BDB68BB60BA684FF6FF035A
:1083A0001340BB60FB681A02BB68134343F0BF6312
:1083B00043F40033BB60044ABB68D36000BF14378A
:1083C000BD465DF8047B704700ED00E080B400AF6F
:1083D000044BDB681B0A03F007031846BD465DF833
:1083E000047B704700ED00E080B483B000AF03462B
:1083F000FB7197F90730002B0BDBFB7903F01F02B1
:10840000074997F907305B09012000FA02F241F8A9
:10841000232000BF0C37BD465DF8047B704700BFCA
:1084200000E100E080B483B000AF03463960FB7127
:1084300097F90730002B0ADB3B68DAB20C4997F951
:1084400007301201D2B20B4483F800230AE03B68E4
:10845000DAB20849FB7903F00F03043B1201D2B2F0
:108460000B441A7600BF0C37BD465DF8047B70479D
:1084700000E100E000ED00E080B489B000AFF860FA
:10848000B9607A60FB6803F00703FB61FB69C3F125
:108490000703042B28BF0423BB61FB690433062BAD
:1084A00002D9FB69033B00E000237B614FF0FF3200
:1084B000BB6902FA03F3DA43BB681A407B699A404E
:1084C0004FF0FF317B6901FA03F3D9437B680B401E
:1084D000134318462437BD465DF8047B704780B5CA
:1084E00082B000AF78607868FFF74CFF00BF0837B4
:1084F000BD4680BD80B586B000AF0346B9607A60E6
:10850000FB7300237B61FFF761FF78617A68B968CC
:108510007869FFF7B1FF024697F90F301146184608
:10852000FFF780FF00BF1837BD4680BD80B582B021
:1085300000AF0346FB7197F907301846FFF754FF69
:1085400000BF0837BD4680BD80B586B000AF7860FB
:1085500000237B61FFF7E6FE38617B68002B01D1C9
:10856000012399E07B68022283F835207B68002292
:1085700083F834207B681B681A687B681B6822F0CC
:1085800001021A600FE0FFF7CDFE02463B69D31AE5
:10859000052B08D97B6820225A657B68032283F863
:1085A0003520032378E07B681B681B6803F0010318
:1085B000002BE8D17B681B681B687B617A69384BAC
:1085C00013407B617B685A687B689B681A437B68B1
:1085D000DB681A437B681B691A437B685B691A4333
:1085E0007B689B691A437B68DB691A437B681B6A5B
:1085F00013437A6913437B617B685B6A042B07D161
:108600007B68DA6A7B681B6B13437A6913437B616F
:108610007B681B687A691A607B681B685B697B6191
:108620007B6923F007037B617B685B6A7A6913438C
:108630007B617B685B6A042B17D17B689B6A7A69D4
:1086400013437B617B68DB6A002B0ED0786800F0F7
:1086500001FB0346002B08D07B6840225A657B68EB
:10866000012283F83520012316E07B681B687A69B4
:108670005A61786800F0B8FA0346FB607B68DB6DEE
:108680003F229A40FB689A607B6800225A657B68AB
:10869000012283F83520002318461837BD4680BDD7
:1086A0003F8010F080B586B000AFF860B9607A60A6
:1086B0003B600023FB75FB689B6D3B61FB6893F897
:1086C0003430012B01D1022340E0FB68012283F802
:1086D0003420FB6893F83530DBB2012B2FD1FB68D7
:1086E000022283F83520FB6800225A653B687A68CD
:1086F000B968F86800F04AFAFB68DB6D3F229A40DF
:108700003B699A60FB681B681A68FB681B6842F04B
:1087100016021A60FB681B6C002B07D0FB681B68F5
:108720001A68FB681B6842F008021A60FB681B6845
:108730001A68FB681B6842F001021A6005E0FB68DA
:10874000002283F834200223FB75FB7D184618377E
:10875000BD4680BD80B584B000AF78607B689B6DFE
:10876000FB60FFF7DFFDB8607B6893F83530DBB264
:10877000022B08D07B6880225A657B68002283F830
:108780003420012352E07B681B681A687B681B68F1
:1087900022F016021A607B681B685A697B681B68A6
:1087A00022F080025A617B681B6C002B03D17B682E
:1087B0009B6C002B07D07B681B681A687B681B6862
:1087C00022F008021A607B681B681A687B681B68C5
:1087D00022F001021A6013E0FFF7A4FD0246BB6815
:1087E000D31A052B0CD97B6820225A657B6803229B
:1087F00083F835207B68002283F83420032315E0BA
:108800007B681B681B6803F00103002BE4D17B68C5
:10881000DB6D3F229A40FB689A607B68012283F8F7
:1088200035207B68002283F8342000231846103757
:10883000BD4680BD80B483B000AF78607B6893F89C
:108840003530DBB2022B04D07B6880225A650123CD
:108850000CE07B68052283F835207B681B681A686A
:108860007B681B6822F001021A60002318460C374F
:10887000BD465DF8047B704780B586B000AF786078
:108880000023BB608E4B1B688E4AA2FB03239B0A0E
:108890007B617B689B6D3B613B691B68FB607B6810
:1088A000DB6D08229A40FB681340002B1AD07B68CE
:1088B0001B681B6803F00403002B13D07B681B6844
:1088C0001A687B681B6822F004021A607B68DB6D03
:1088D00008229A403B699A607B685B6D43F0010215
:1088E0007B685A657B68DB6D01229A40FB68134008
:1088F000002B12D07B681B685B6903F08003002BA0
:108900000BD07B68DB6D01229A403B699A607B68E3
:108910005B6D43F002027B685A657B68DB6D042265
:108920009A40FB681340002B12D07B681B681B68C1
:1089300003F00203002B0BD07B68DB6D04229A400E
:108940003B699A607B685B6D43F004027B685A6503
:108950007B68DB6D10229A40FB681340002B43D0EC
:108960007B681B681B6803F00803002B3CD07B6806
:10897000DB6D10229A403B699A607B681B681B681C
:1089800003F48023002B18D07B681B681B6803F45A
:108990000023002B08D17B681B6C002B24D07B6844
:1089A0001B6C786898471FE07B689B6C002B1BD082
:1089B0007B689B6C7868984716E07B681B681B682F
:1089C00003F48073002B07D17B681B681A687B68EF
:1089D0001B6822F008021A607B681B6C002B03D016
:1089E0007B681B6C786898477B68DB6D20229A4017
:1089F000FB681340002B00F08F807B681B681B68AE
:108A000003F01003002B00F087807B68DB6D2022D1
:108A10009A403B699A607B6893F83530DBB2052B4E
:108A200036D17B681B681A687B681B6822F01602C7
:108A30001A607B681B685A697B681B6822F0800299
:108A40005A617B681B6C002B03D17B689B6C002BED
:108A500007D07B681B681A687B681B6822F00802D5
:108A60001A607B68DB6D3F229A403B699A607B68A5
:108A7000012283F835207B68002283F834207B684C
:108A80001B6D002B7ED07B681B6D7868984779E062
:108A90007B681B681B6803F48023002B1DD07B6858
:108AA0001B681B6803F40023002B0DD17B685B6CF3
:108AB000002B31D07B685B6C786898472CE000BF56
:108AC0003C020020B5814E1B7B68DB6B002B23D062
:108AD0007B68DB6B786898471EE07B681B681B68C7
:108AE00003F48073002B0FD17B681B681A687B68C6
:108AF0001B6822F010021A607B68012283F835207F
:108B00007B68002283F834207B68DB6B002B03D06A
:108B10007B68DB6B786898477B685B6D002B32D095
:108B20007B685B6D03F00103002B22D07B6805227C
:108B300083F835207B681B681A687B681B6822F005
:108B400001021A60BB680133BB607A699A4207D39D
:108B50007B681B681B6803F00103002BF2D100E067
:108B600000BF7B68012283F835207B68002283F8F0
:108B700034207B68DB6C002B05D07B68DB6C78686D
:108B8000984700E000BF1837BD4680BD80B485B06F
:108B900000AFF860B9607A603B60FB681B681A68D8
:108BA000FB681B6822F480221A60FB681B683A6825
:108BB0005A60FB689B68402B08D1FB681B687A6889
:108BC0009A60FB681B68BA68DA6007E0FB681B689C
:108BD000BA689A60FB681B687A68DA6000BF14376D
:108BE000BD465DF8047B704780B485B000AF786007
:108BF0007B681B68DBB2103B144AA2FB03231B09F2
:108C0000FB60134AFB6813441B781A467B68DA65DD
:108C1000FB68032B09D97B681B6823F47F7323F05F
:108C200003031A1D7B689A6507E07B681B6823F4C1
:108C30007F7323F003037A6893657B689B6D184606
:108C40001437BD465DF8047B704700BFABAAAAAAE3
:108C50005468010880B485B000AF78600023FB73CE
:108C60007B689B6ABB607B689B69002B1FD1BB68DC
:108C7000032B56D801A252F823F000BF8D8C0008B8
:108C80009F8C00088D8C0008238D00087B68DB6AB0
:108C900003F08073002B46D00123FB7343E07B6815
:108CA000DB6AB3F1C07F40D10123FB733DE07B68F9
:108CB0009B69B3F5005F21D1BB68032B37D801A2B4
:108CC00052F823F0D58C0008DB8C0008D58C000806
:108CD000ED8C00080123FB7330E07B68DB6A03F056
:108CE0008073002B25D00123FB7322E07B68DB6AB5
:108CF000B3F1C07F1FD10123FB731CE0BB68022BC3
:108D000003D9BB68032B03D018E00123FB7315E0E4
:108D10007B68DB6A03F08073002B0ED00123FB73AA
:108D20000BE000BF0AE000BF08E000BF06E000BFA4
:108D300004E000BF02E000BF00E000BFFB7B18467C
:108D40001437BD465DF8047B704700BF80B489B01E
:108D500000AF7860396000237B6100233B61002312
:108D6000BB610023FB616BE10122FB6902FA03F3A3
:108D70007B613B681B687A6913403B613A697B6998
:108D80009A4240F05A813B685B6803F00303012B71
:108D900005D03B685B6803F00303022B30D17B688E
:108DA0009B68BB61FB695B00032202FA03F3DB43B0
:108DB000BA691340BB613B68DA68FB695B0002FA81
:108DC00003F3BA691343BB617B68BA699A607B6835
:108DD0005B68BB610122FB6902FA03F3DB43BA69FA
:108DE0001340BB613B685B681B0903F00102FB6930
:108DF00002FA03F3BA691343BB617B68BA695A602C
:108E00003B685B6803F00303032B17D07B68DB68C8
:108E1000BB61FB695B00032202FA03F3DB43BA691F
:108E20001340BB613B689A68FB695B0002FA03F37D
:108E3000BA691343BB617B68BA69DA603B685B68F7
:108E400003F00303022B23D1FB69DA087B680832A5
:108E500053F82230BB61FB6903F007039B000F222C
:108E600002FA03F3DB43BA691340BB613B681A693A
:108E7000FB6903F007039B0002FA03F3BA6913438B
:108E8000BB61FB69DA087B680832B96943F82210D4
:108E90007B681B68BB61FB695B00032202FA03F37A
:108EA000DB43BA691340BB613B685B6803F00302B4
:108EB000FB695B0002FA03F3BA691343BB617B6889
:108EC000BA691A603B685B6803F44033002B00F01A
:108ED000B4800023FB60604B5B6C5F4A43F48043CB
:108EE00053645D4B5B6C03F48043FB60FB685B4A3F
:108EF000FB699B08023352F82330BB61FB6903F026
:108F000003039B000F2202FA03F3DB43BA69134009
:108F1000BB617B68524A93422BD07B68514A934293
:108F200025D07B68504A93421FD07B684F4A9342BA
:108F300019D07B684E4A934213D07B684D4A9342C6
:108F40000DD07B684C4A934207D07B684B4A9342D2
:108F500001D107230EE008230CE006230AE00523D5
:108F600008E0042306E0032304E0022302E00123D7
:108F700000E00023FA6902F0030292009340BA690C
:108F80001343BB613549FB699B080233BA6941F859
:108F900023203B4B9B68BB613B69DB43BA691340B1
:108FA000BB613B685B6803F48013002B03D0BA6994
:108FB0003B691343BB61324ABB699360304BDB684A
:108FC000BB613B69DB43BA691340BB613B685B68CB
:108FD00003F40013002B03D0BA693B691343BB6150
:108FE000274ABB69D360264B5B68BB613B69DB43A7
:108FF000BA691340BB613B685B6803F40033002B24
:1090000003D0BA693B691343BB611D4ABB69536016
:109010001B4B1B68BB613B69DB43BA691340BB61F7
:109020003B685B6803F48033002B03D0BA693B696B
:109030001343BB61124ABB691360FB690133FB61D7
:10904000FB690F2B7FF690AE00BF00BF2437BD46F3
:109050005DF8047B704700BF0038024000380140D3
:10906000000002400004024000080240000C0240E0
:10907000001002400014024000180240001C024090
:10908000003C014080B487B000AF786039600023B5
:109090003B610023FB600023BB6000237B61CDE0CC
:1090A00001227B6902FA03F33B613A683B69134092
:1090B000FB60FA683B699A4240F0BD80654A7B6973
:1090C0009B08023352F82330BB607B6903F0030333
:1090D0009B000F2202FA03F3BA681340BB607B685F
:1090E0005D4A93422BD07B685C4A934225D07B68D3
:1090F0005B4A93421FD07B685A4A934219D07B68DF
:10910000594A934213D07B68584A93420DD07B68EA
:10911000574A934207D07B68564A934201D10723AE
:109120000EE008230CE006230AE0052308E00423F0
:1091300006E0032304E0022302E0012300E0002311
:109140007A6902F0030292009340BA689A4232D1DF
:10915000494B1A68FB68DB43474913400B60464B99
:109160005A68FB68DB43444913404B60424BDA6862
:10917000FB68DB4340491340CB603F4B9A68FB6878
:10918000DB433D4913408B607B6903F003039B0085
:109190000F2202FA03F3BB602E4A7B699B0802335D
:1091A00052F82310BB68DA432A487B699B080A40BF
:1091B000023340F823207B681A687B695B00032137
:1091C00001FA03F3DB431A407B681A607B69DA0813
:1091D0007B68083253F822107B6903F007039B0079
:1091E0000F2202FA03F3DB437A69D20819407B6845
:1091F000083243F822107B68DA687B695B00032140
:1092000001FA03F3DB431A407B68DA607B685A6833
:1092100001217B6901FA03F3DB431A407B685A6042
:109220007B689A687B695B00032101FA03F3DB43E7
:109230001A407B689A607B6901337B617B690F2BE5
:109240007FF62EAF00BF00BF1C37BD465DF8047B24
:10925000704700BF00380140000002400004024097
:1092600000080240000C02400010024000140240BE
:1092700000180240001C0240003C014080B485B050
:1092800000AF78600B467B807B681A697B8813404F
:10929000002B02D00123FB7301E00023FB73FB7B57
:1092A00018461437BD465DF8047B704780B483B020
:1092B00000AF78600B467B8013467B707B78002B79
:1092C00003D07A887B689A6103E07B881A047B6804
:1092D0009A6100BF0C37BD465DF8047B7047000003
:1092E00080B584B000AF78607B68002B01D101238A
:1092F0002BE17B6893F83D30DBB2002B06D17B6815
:10930000002283F83C207868FEF744FB7B68242227
:1093100083F83D207B681B681A687B681B6822F015
:1093200001021A607B681B681A687B681B6842F43C
:1093300000421A607B681B681A687B681B6822F40D
:1093400000421A6001F050FCF8607B685B68814A5B
:10935000934207D8FB68804A934294BF01230023BD
:10936000DBB206E0FB687D4A934294BF01230023F1
:10937000DBB2002B01D00123E7E0FB68784AA2FBB7
:1093800003239B0CBB607B681B685B6823F03F0179
:109390007B681B68BA680A435A607B681B681B6A53
:1093A00023F03F017B685B686A4A934202D8BB683E
:1093B000013309E0BB684FF4967202FB03F3694A7C
:1093C000A2FB03239B0901337A6812680B431362E3
:1093D0007B681B68DB6923F44F4222F0FF027B6845
:1093E0005B685C498B4219D8FB68591E7B685B68D7
:1093F0005B00B1FBF3F3591C40F6FC730B40002BF0
:109400000AD0FB68591E7B685B685B00B1FBF3F315
:109410000133C3F30B0351E004234FE07B689B68E7
:10942000002B11D1FB68581E7B6859680B465B0006
:109430000B44B0FBF3F30133C3F30B03002B0CBF5E
:1094400001230023DBB212E0FB68581E7B685968D9
:109450000B469B000B4499000B44B0FBF3F3013324
:10946000C3F30B03002B0CBF01230023DBB2002B43
:1094700001D0012322E07B689B68002B0ED1FB68A2
:10948000581E7B6859680B465B000B44B0FBF3F336
:109490000133C3F30B0343F400430FE0FB68581E92
:1094A0007B6859680B469B000B4499000B44B0FB4A
:1094B000F3F30133C3F30B0343F4404379680968C2
:1094C0001343CB617B681B681B6823F0C0017B687A
:1094D000DA697B681B6A1A437B681B680A431A6057
:1094E0007B681B689B6823F4034323F0FF037A68BF
:1094F00011697A68D26811437A6812680B439360E5
:109500007B681B68DB6823F0FF017B685A697B6816
:109510009B691A437B681B680A43DA607B681B6897
:109520001A687B681B6842F001021A607B6800229F
:109530001A647B68202283F83D207B6800221A632E
:109540007B68002283F83E20002318461037BD4672
:1095500080BD00BFA08601007F841E00FF083D0083
:1095600083DE1B43D34D621080B582B000AF7860BC
:109570007B68002B01D1012321E07B68242283F842
:109580003D207B681B681A687B681B6822F001021B
:109590001A607868FEF77AFA7B6800221A647B68A2
:1095A000002283F83D207B6800221A637B6800223A
:1095B00083F83E207B68002283F83C200023184675
:1095C0000837BD4680BD000080B588B002AFF860A6
:1095D000084611461A4603467B810B463B811346DB
:1095E000FB80FEF79FFE7861FB6893F83D30DBB2AD
:1095F000202B40F0D9807B690093192301226D490B
:10960000F86800F08BFC0346002B01D00223CCE06D
:10961000FB6893F83C30012B01D10223C5E0FB68C5
:10962000012283F83C20FB681B681B6803F00103E0
:10963000012B07D0FB681B681A68FB681B6842F0A7
:1096400001021A60FB681B681A68FB681B6822F439
:1096500000621A60FB68212283F83D20FB684022EB
:1096600083F83E20FB6800221A64FB683A6A5A625B
:10967000FB68BA8C5A85FB685B8D9AB2FB681A85C9
:10968000FB684D4ADA62F8883A8979897B690193E7
:10969000BB6A00930346F86800F0C2FA0346002B49
:1096A00052D0012381E07A69B96AF86800F050FD70
:1096B0000346002B0DD0FB681B6C042B07D1FB6805
:1096C0001B681A68FB681B6842F400721A60012369
:1096D0006BE0FB685B6A1A78FB681B681A61FB68C1
:1096E0005B6A5A1CFB685A62FB681B8D013B9AB28D
:1096F000FB681A85FB685B8D9BB2013B9AB2FB68E5
:109700005A85FB681B685B6903F00403042B1BD1BB
:10971000FB681B8D002B17D0FB685B6A1A78FB680F
:109720001B681A61FB685B6A5A1CFB685A62FB681B
:109730001B8D013B9AB2FB681A85FB685B8D9BB25F
:10974000013B9AB2FB685A85FB681B8D002BAAD19E
:109750007A69B96AF86800F043FD0346002B0DD022
:10976000FB681B6C042B07D1FB681B681A68FB683D
:109770001B6842F400721A60012316E0FB681B6844
:109780001A68FB681B6842F400721A60FB682022AA
:1097900083F83D20FB68002283F83E20FB6800220E
:1097A00083F83C20002300E0022318461837BD460A
:1097B00080BD00BF020010000000FFFF80B58CB02C
:1097C00002AFF860084611461A4603467B810B46F5
:1097D0003B811346FB80FEF7A5FD7862FB6893F89A
:1097E0003D30DBB2202B40F014827B6A00931923BA
:1097F00001227B49F86800F091FB0346002B01D061
:10980000022307E2FB6893F83C30012B01D10223CD
:1098100000E2FB68012283F83C20FB681B681B68A0
:1098200003F00103012B07D0FB681B681A68FB6873
:109830001B6842F001021A60FB681B681A68FB682B
:109840001B6822F400621A60FB68222283F83D2024
:10985000FB68402283F83E20FB6800221A64FB6804
:109860003A6B5A62FB68BA8E5A85FB685B8D9AB276
:10987000FB681A85FB685B4ADA62F8883A8979895D
:109880007B6A0193BB6B00930346F86800F05EFAB5
:109890000346002B01D00123BCE1FB681B8D002B8C
:1098A00013D100233B62FB681B685B693B62FB686A
:1098B0001B689B693B623B6AFB681B681A68FB6814
:1098C0001B6842F400721A6090E1FB681B8D012B4B
:1098D0001BD1FB681B681A68FB681B6822F4806256
:1098E0001A600023FB61FB681B685B69FB61FB6816
:1098F0001B689B69FB61FB69FB681B681A68FB6856
:109900001B6842F400721A6070E1FB681B8D022B29
:109910001BD1FB681B681A68FB681B6822F4806215
:109920001A60FB681B681A68FB681B6842F40062D7
:109930001A600023BB61FB681B685B69BB61FB6845
:109940001B689B69BB61BB6950E100237B61FB68BD
:109950001B685B697B61FB681B689B697B617B693A
:1099600044E1FB681B8D032B00F2F180FB681B8D2B
:10997000012B23D17A6AB96BF86800F079FC0346B1
:10998000002B01D0012345E1FB681B681A69FB68C5
:109990005B6AD2B21A70FB685B6A5A1CFB685A6237
:1099A000FB681B8D013B9AB2FB681A85FB685B8DD7
:1099B0009BB2013B9AB2FB685A8517E1FB681B8D8D
:1099C000022B4ED17B6A0093BB6B00220649F868DC
:1099D00000F0A4FA0346002B08D001231AE100BFCF
:1099E000020010000000FFFF04000100FB681B687C
:1099F0001A68FB681B6842F400721A60FB681B68F7
:109A00001A69FB685B6AD2B21A70FB685B6A5A1CFF
:109A1000FB685A62FB681B8D013B9AB2FB681A8592
:109A2000FB685B8D9BB2013B9AB2FB685A85FB6871
:109A30001B681A69FB685B6AD2B21A70FB685B6AC2
:109A40005A1CFB685A62FB681B8D013B9AB2FB688B
:109A50001A85FB685B8D9BB2013B9AB2FB685A8505
:109A6000C4E07B6A0093BB6B00226C49F86800F08D
:109A700055FA0346002B01D00123CBE0FB681B689D
:109A80001A68FB681B6822F480621A60FB681B6816
:109A90001A69FB685B6AD2B21A70FB685B6A5A1C6F
:109AA000FB685A62FB681B8D013B9AB2FB681A8502
:109AB000FB685B8D9BB2013B9AB2FB685A857B6A5F
:109AC0000093BB6B00225549F86800F027FA034663
:109AD000002B01D001239DE0FB681B681A68FB681E
:109AE0001B6842F400721A60FB681B681A69FB6805
:109AF0005B6AD2B21A70FB685B6A5A1CFB685A62D6
:109B0000FB681B8D013B9AB2FB681A85FB685B8D75
:109B10009BB2013B9AB2FB685A85FB681B681A69C5
:109B2000FB685B6AD2B21A70FB685B6A5A1CFB68FE
:109B30005A62FB681B8D013B9AB2FB681A85FB6871
:109B40005B8D9BB2013B9AB2FB685A854EE07A6A04
:109B5000B96BF86800F08CFB0346002B01D00123A1
:109B600058E0FB681B681A69FB685B6AD2B21A701E
:109B7000FB685B6A5A1CFB685A62FB681B8D013BE1
:109B80009AB2FB681A85FB685B8D9BB2013B9AB267
:109B9000FB685A85FB681B685B6903F00403042BB0
:109BA00024D1FB681B8D032B07D1FB681B681A6847
:109BB000FB681B6822F480621A60FB681B681A69E4
:109BC000FB685B6AD2B21A70FB685B6A5A1CFB685E
:109BD0005A62FB681B8D013B9AB2FB681A85FB68D1
:109BE0005B8D9BB2013B9AB2FB685A85FB681B8D6B
:109BF000002B7FF4B6AEFB68202283F83D20FB6883
:109C0000002283F83E20FB68002283F83C200023DA
:109C100000E0022318462837BD4680BD040001003D
:109C200080B588B002AFF860084611461A46034670
:109C30007B810B463B811346FB80FB681B681A68DF
:109C4000FB681B6842F480721A607B6A00933B6A6F
:109C500000224FF00111F86800F060F90346002B74
:109C60000DD0FB681B681B6803F48073B3F5807F1D
:109C700003D1FB684FF400721A6403235FE07B8911
:109C8000DBB21A46FB681B6802F0FE021A617B6AAF
:109C90003A6A2D49F86800F0BBF90346002B01D061
:109CA00001234CE000237B61FB681B685B697B61DF
:109CB000FB681B689B697B617B697A6A396AF86813
:109CC00000F046FA0346002B0DD0FB681B6C042BFA
:109CD00007D1FB681B681A68FB681B6842F40072B6
:109CE0001A6001232BE0FB88012B05D13B89DAB2F6
:109CF000FB681B681A6121E03B891B0A9BB2DAB240
:109D0000FB681B681A617A6A396AF86800F020FA01
:109D10000346002B0DD0FB681B6C042B07D1FB689E
:109D20001B681A68FB681B6842F400721A60012302
:109D300005E03B89DAB2FB681B681A61002318460C
:109D40001837BD4680BD00BF0200010080B588B055
:109D500002AFF860084611461A4603467B810B465F
:109D60003B811346FB80FB681B681A68FB681B6815
:109D700042F480621A60FB681B681A68FB681B6803
:109D800042F480721A607B6A00933B6A00224FF0B3
:109D90000111F86800F0C2F80346002B0DD0FB68F3
:109DA0001B681B6803F48073B3F5807F03D1FB68E5
:109DB0004FF400721A640323AAE07B89DBB21A46CF
:109DC000FB681B6802F0FE021A617B6A3A6A52491C
:109DD000F86800F01DF90346002B01D0012397E03D
:109DE00000237B61FB681B685B697B61FB681B6808
:109DF0009B697B617B697A6A396AF86800F0A8F927
:109E00000346002B0DD0FB681B6C042B07D1FB68AD
:109E10001B681A68FB681B6842F400721A60012311
:109E200076E0FB88012B05D13B89DAB2FB681B6821
:109E30001A6121E03B891B0A9BB2DAB2FB681B68FE
:109E40001A617A6A396AF86800F082F90346002BD1
:109E50000DD0FB681B6C042B07D1FB681B681A68CC
:109E6000FB681B6842F400721A60012350E03B89D2
:109E7000DAB2FB681B681A617A6A396AF86800F01E
:109E800067F90346002B0DD0FB681B6C042B07D130
:109E9000FB681B681A68FB681B6842F400721A6052
:109EA000012335E0FB681B681A68FB681B6842F4F5
:109EB00080721A607B6A00933B6A00224FF00111A6
:109EC000F86800F02BF80346002B0DD0FB681B68E8
:109ED0001B6803F48073B3F5807F03D1FB684FF4F4
:109EE00000721A64032313E07B89DBB243F00103A1
:109EF000DAB2FB681B681A617B6A3A6A0649F8683D
:109F000000F086F80346002B01D0012300E0002377
:109F100018461837BD4680BD0200010080B584B0E8
:109F200000AFF860B9603B601346FB7148E03B68E6
:109F3000B3F1FF3F44D0FEF7F5F90246BB69D31AEF
:109F40003A689A4202D33B68002B39D1BB681B0C9C
:109F5000DBB2012B0DD1FB681B685B69DA43BB6880
:109F600013409BB2002B0CBF01230023DBB21A4627
:109F70000CE0FB681B689B69DA43BB6813409BB22B
:109F8000002B0CBF01230023DBB21A46FB799A4257
:109F900016D1FB6800221A63FB68202283F83D205B
:109FA000FB68002283F83E20FB681B6C43F0200214
:109FB000FB681A64FB68002283F83C20012323E03D
:109FC000BB681B0CDBB2012B0DD1FB681B685B6906
:109FD000DA43BB6813409BB2002B0CBF0123002364
:109FE000DBB21A460CE0FB681B689B69DA43BB686E
:109FF00013409BB2002B0CBF01230023DBB21A4697
:10A00000FB799A4293D0002318461037BD4680BD95
:10A0100080B584B000AFF860B9607A603B6071E0F1
:10A02000FB681B685B6903F48063B3F5806F23D121
:10A03000FB681B681A68FB681B6842F400721A60B0
:10A04000FB681B686FF480625A61FB6800221A6328
:10A05000FB68202283F83D20FB68002283F83E2025
:10A06000FB681B6C43F00402FB681A64FB68002267
:10A0700083F83C20012367E07B68B3F1FF3F41D0C8
:10A08000FEF750F902463B68D31A7A689A4202D327
:10A090007B68002B36D1BB681B0CDBB2012B0CD1CB
:10A0A000FB681B685B69DA43BB6813409BB2002BFB
:10A0B00014BF01230023DBB20BE0FB681B689B6924
:10A0C000DA43BB6813409BB2002B14BF012300236B
:10A0D000DBB2002B16D0FB6800221A63FB6820223B
:10A0E00083F83D20FB68002283F83E20FB681B6C50
:10A0F00043F02002FB681A64FB68002283F83C20CE
:10A10000012321E0BB681B0CDBB2012B0CD1FB68E7
:10A110001B685B69DA43BB6813409BB2002B14BF1A
:10A1200001230023DBB20BE0FB681B689B69DA4369
:10A13000BB6813409BB2002B14BF01230023DBB28A
:10A14000002B7FF46DAF002318461037BD4680BD4D
:10A1500080B584B000AFF860B9607A6034E0F86828
:10A1600000F0E3F80346002B01D0012334E0BB6884
:10A17000B3F1FF3F28D0FEF7D5F802467B68D31A2B
:10A18000BA689A4202D3BB68002B1DD1FB681B68DA
:10A190005B6903F08003802B16D0FB6800221A63F2
:10A1A000FB68202283F83D20FB68002283F83E20D4
:10A1B000FB681B6C43F02002FB681A64FB680022FA
:10A1C00083F83C20012307E0FB681B685B6903F010
:10A1D0008003802BC3D1002318461037BD4680BDB5
:10A1E00080B584B000AFF860B9607A6034E0F86898
:10A1F00000F09BF80346002B01D0012334E0BB683C
:10A20000B3F1FF3F28D0FEF78DF802467B68D31AE2
:10A21000BA689A4202D3BB68002B1DD1FB681B6849
:10A220005B6903F00403042B16D0FB6800221A6359
:10A23000FB68202283F83D20FB68002283F83E2043
:10A24000FB681B6C43F02002FB681A64FB68002269
:10A2500083F83C20012307E0FB681B685B6903F07F
:10A260000403042BC3D1002318461037BD4680BD1C
:10A2700080B584B000AFF860B9607A6049E0FB68EF
:10A280001B685B6903F01003102B19D1FB681B6876
:10A290006FF010025A61FB6800221A63FB682022EB
:10A2A00083F83D20FB68002283F83E20FB681A6C8F
:10A2B000FB681A64FB68002283F83C20012330E02D
:10A2C000FEF730F802467B68D31ABA689A4202D386
:10A2D000BB68002B1DD1FB681B685B6903F0400362
:10A2E000402B16D0FB6800221A63FB68202283F8FB
:10A2F0003D20FB68002283F83E20FB681B6C43F086
:10A300002002FB681A64FB68002283F83C200123CA
:10A3100007E0FB681B685B6903F04003402BAED18C
:10A32000002318461037BD4680BD80B483B000AF0F
:10A3300078607B681B685B6903F48063B3F5806FAA
:10A340001BD17B681B686FF480625A617B680022B6
:10A350001A637B68202283F83D207B68002283F803
:10A360003E207B681B6C43F004027B681A647B68A8
:10A37000002283F83C20012300E0002318460C371C
:10A38000BD465DF8047B704780B586B000AF78604D
:10A390007B68002B01D1012367E27B681B6803F017
:10A3A0000103002B75D0884B9B6803F00C03042B32
:10A3B0000CD0854B9B6803F00C03082B12D1824B09
:10A3C0005B6803F48003B3F5800F0BD17E4B1B68F1
:10A3D00003F40033002B5BD07B685B68002B57D104
:10A3E000012342E27B685B68B3F5803F06D1764B80
:10A3F0001B68754A43F4803313601DE07B685B681B
:10A40000B3F5A02F0CD1704B1B686F4A43F4802327
:10A4100013606D4B1B686C4A43F4803313600BE090
:10A42000694B1B68684A23F480331360664B1B68D2
:10A43000654A23F4802313607B685B68002B13D08C
:10A44000FDF770FF386108E0FDF76CFF02463B69DD
:10A45000D31A642B01D9032307E25B4B1B6803F477
:10A460000033002BF0D014E0FDF75CFF386108E00A
:10A47000FDF758FF02463B69D31A642B01D9032329
:10A48000F3E1514B1B6803F40033002BF0D100E0E3
:10A4900000BF7B681B6803F00203002B63D04A4BAC
:10A4A0009B6803F00C03002B0BD0474B9B6803F019
:10A4B0000C03082B1CD1444B5B6803F48003002B76
:10A4C00016D1414B1B6803F00203002B05D07B68BB
:10A4D000DB68012B01D00123C7E13B4B1B6823F054
:10A4E000F8027B681B69DB00374913430B603AE0D5
:10A4F0007B68DB68002B20D0344B01221A60FDF70B
:10A5000011FF386108E0FDF70DFF02463B69D31AE1
:10A51000022B01D90323A8E12B4B1B6803F0020394
:10A52000002BF0D0284B1B6823F0F8027B681B69D6
:10A53000DB00254913430B6015E0244B00221A6011
:10A54000FDF7F0FE386108E0FDF7ECFE02463B69DE
:10A55000D31A022B01D9032387E11B4B1B6803F09D
:10A560000203002BF0D17B681B6803F00803002B6B
:10A5700036D07B685B69002B16D0154B01221A6020
:10A58000FDF7D0FE386108E0FDF7CCFE02463B69DE
:10A59000D31A022B01D9032367E10B4B5B6F03F046
:10A5A0000203002BF0D01BE0094B00221A60FDF7DC
:10A5B000B9FE38610EE0FDF7B5FE02463B69D31ADD
:10A5C000022B07D9032350E1003802400000474224
:10A5D000800E4742884B5B6F03F00203002BEAD1E9
:10A5E0007B681B6803F00403002B00F097800023B6
:10A5F000FB75814B1B6C03F08053002B0FD10023A4
:10A60000BB607D4B1B6C7C4A43F0805313647A4BD8
:10A610001B6C03F08053BB60BB680123FB75774B59
:10A620001B6803F48073002B18D1744B1B68734AAA
:10A6300043F480731360FDF775FE386108E0FDF7A1
:10A6400071FE02463B69D31A022B01D903230CE1A8
:10A650006A4B1B6803F48073002BF0D07B689B6807
:10A66000012B06D1644B1B6F634A43F00103136750
:10A670001CE07B689B68052B0CD15F4B1B6F5E4A0F
:10A6800043F0040313675C4B1B6F5B4A43F0010309
:10A6900013670BE0584B1B6F574A23F001031367F6
:10A6A000554B1B6F544A23F0040313677B689B6868
:10A6B000002B15D0FDF736FE38610AE0FDF732FEBB
:10A6C00002463B69D31A41F28832934201D90323EF
:10A6D000CBE0494B1B6F03F00203002BEED014E0DC
:10A6E000FDF720FE38610AE0FDF71CFE02463B69DB
:10A6F000D31A41F28832934201D90323B5E03E4B8D
:10A700001B6F03F00203002BEED1FB7D012B05D163
:10A71000394B1B6C384A23F0805313647B689B6968
:10A72000002B00F0A180344B9B6803F00C03082B36
:10A730005CD07B689B69022B41D1314B00221A60AF
:10A74000FDF7F0FD386108E0FDF7ECFD02463B69DE
:10A75000D31A022B01D9032387E0274B1B6803F090
:10A760000073002BF0D17B68DA697B681B6A1A439F
:10A770007B685B6A9B011A437B689B6A5B08013BB1
:10A780001B041A437B68DB6A1B061B4913434B609F
:10A790001B4B01221A60FDF7C5FD386108E0FDF78B
:10A7A000C1FD02463B69D31A022B01D903235CE0A9
:10A7B000114B1B6803F00073002BF0D054E0104BDA
:10A7C00000221A60FDF7AEFD386108E0FDF7AAFD32
:10A7D00002463B69D31A022B01D9032345E0064BFD
:10A7E0001B6803F00073002BF0D13DE07B689B6990
:10A7F000012B07D1012338E00038024000700040EF
:10A80000600047421B4B5B68FB607B689B69012BC8
:10A8100028D0FB6803F480027B68DB699A4221D16F
:10A82000FB6803F03F027B681B6A9A421AD1FA6800
:10A8300047F6C07313407A68526A9201934211D16D
:10A84000FB6803F440327B689B6A5B08013B1B0496
:10A850009A4207D1FB6803F070627B68DB6A1B06D3
:10A860009A4201D0012300E0002318461837BD4664
:10A8700080BD00BF0038024080B584B000AF786072
:10A8800039607B68002B01D10123CCE0684B1B6849
:10A8900003F007033A689A420CD9654B3A68D2B282
:10A8A0001A70634B1B6803F007033A689A4201D0A1
:10A8B0000123B8E07B681B6803F00203002B20D063
:10A8C0007B681B6803F00403002B05D0594B9B6881
:10A8D000584A43F4E05393607B681B6803F0080315
:10A8E000002B05D0534B9B68524A43F4604393605E
:10A8F000504B9B6823F0F0027B689B684D491343E3
:10A900008B607B681B6803F00103002B44D07B68DD
:10A910005B68012B07D1474B1B6803F40033002B06
:10A9200019D101237FE07B685B68022B03D07B6831
:10A930005B68032B07D13F4B1B6803F00073002BB0
:10A9400009D101236FE03B4B1B6803F00203002B8E
:10A9500001D1012367E0374B9B6823F003027B683A
:10A960005B68344913438B60FDF7DCFCF8600AE058
:10A97000FDF7D8FC0246FB68D31A41F288329342B5
:10A9800001D903234FE02B4B9B6803F00C027B683B
:10A990005B689B009A42EBD1254B1B6803F00703D1
:10A9A0003A689A420CD2224B3A68D2B21A70204BC3
:10A9B0001B6803F007033A689A4201D0012332E092
:10A9C0007B681B6803F00403002B08D0194B9B68BD
:10A9D00023F4E0527B68DB68164913438B607B6885
:10A9E0001B6803F00803002B09D0124B9B6823F46B
:10A9F00060427B681B69DB000E4913438B6000F0EB
:10AA000021F802460B4B9B681B0903F00F030A4910
:10AA1000CB5C22FA03F3094A1360094B1B68184602
:10AA2000FDF780FA002318461037BD4680BD00BFF1
:10AA3000003C0240003802403C6801083C02002013
:10AA4000400200202DE9B04F90B000AF00237B639F
:10AA50000023FB6300233B630023BB63594B9B68CC
:10AA600003F00C03082B0DD0082B00F2A180002B63
:10AA700002D0042B03D09BE0534BBB639BE0534BB2
:10AA8000BB6398E04F4B5B6803F03F037B634D4B28
:10AA90005B6803F48003002B28D04A4B5B689B095A
:10AAA00000223B627A623B6AC3F308000021474BF5
:10AAB00003FB01F2002300FB03F31344434AA0FB12
:10AAC0000212FA620A46BA62FA6A1344FB627B6BAC
:10AAD0000022BB61FA61D7E90623D7E90A01F6F73C
:10AAE00063F802460B461346FB6353E0354B5B6845
:10AAF0009B0900223B617A613B69C3F3080A4FF06E
:10AB0000000B52465B464FF000004FF00001590128
:10AB100041EAD261500102460B46B2EB0A0863EBF0
:10AB20000B094FF000024FF000034FEA891343EA8C
:10AB300098634FEA8812B2EB080463EB09054FF003
:10AB400000024FF00003EB0043EA5473E2001446A6
:10AB50001D4614EB0A033B6045EB0B037B604FF093
:10AB600000024FF00003D7E9004529468B02214639
:10AB700043EA915321468A02104619467B6B002214
:10AB8000BB60FA60D7E90223F6F70EF802460B46DF
:10AB90001346FB630B4B5B681B0C03F00303013391
:10ABA0005B003B63FA6B3B6BB2FBF3F3BB6302E00E
:10ABB000054BBB6300BFBB6B18464037BD46BDE8C5
:10ABC000B08F00BF003802400024F40040787D01BF
:10ABD00080B400AF034B1B681846BD465DF8047B8C
:10ABE000704700BF3C02002080B500AFFFF7F0FFC8
:10ABF0000246054B9B689B0A03F007030349CB5CA5
:10AC000022FA03F3184680BD003802404C68010860
:10AC100080B500AFFFF7DCFF0246054B9B685B0B7E
:10AC200003F007030349CB5C22FA03F3184680BD07
:10AC3000003802404C68010880B483B000AF7860EF
:10AC400039607B680F221A60124B9B6803F0030285
:10AC50007B685A600F4B9B6803F0F0027B689A6038
:10AC60000C4B9B6803F4E0527B68DA60094B9B68ED
:10AC7000DB0803F4E0527B681A61074B1B6803F0A2
:10AC800007023B681A6000BF0C37BD465DF8047BC5
:10AC9000704700BF00380240003C024080B582B0DF
:10ACA00000AF78607B68002B01D101237BE07B68DB
:10ACB0005B6A002B08D17B685B68B3F5827F09D0A3
:10ACC0007B680022DA6105E07B6800221A617B68FC
:10ACD00000225A617B6800229A627B6893F85130A7
:10ACE000DBB2002B06D17B68002283F85020786805
:10ACF000FCF706FF7B68022283F851207B681B6803
:10AD00001A687B681B6822F040021A607B685B68E7
:10AD100003F482727B689B6803F404431A437B68E4
:10AD2000DB6803F400631A437B681B6903F00203CA
:10AD30001A437B685B6903F001031A437B689B69D4
:10AD400003F400731A437B68DB6903F038031A438A
:10AD50007B681B6A03F0800342EA03017B689B6AFD
:10AD600003F400527B681B680A431A607B689B6986
:10AD70001B0C03F004017B685B6A03F010027B6824
:10AD80001B680A435A607B681B68DA697B681B682A
:10AD900022F40062DA617B6800225A657B68012236
:10ADA00083F85120002318460837BD4680BD80B582
:10ADB00088B000AFF860B9603B601346FB80FDF7D8
:10ADC000B1FAF861FB887B83FB6893F85130DBB202
:10ADD000012B01D002232AE1BB68002B02D0FB88A3
:10ADE000002B01D1012322E1FB6893F85030012BA5
:10ADF00001D102231BE1FB68012283F85020FB688C
:10AE0000032283F85120FB6800225A65FB68BA6868
:10AE10001A63FB68FA889A86FB68FA88DA86FB6808
:10AE200000229A63FB6800229A87FB680022DA8777
:10AE3000FB6800225A64FB6800221A64FB689B6866
:10AE4000B3F5004F0FD1FB681B681A68FB681B68DD
:10AE500022F040021A60FB681B681A68FB681B68D6
:10AE600042F480421A60FB681B681B6803F04003D1
:10AE7000402B07D0FB681B681A68FB681B6842F010
:10AE800040021A60FB68DB68B3F5006F52D1FB68C3
:10AE90005B68002B02D07B8B012B45D1FB681B6BC1
:10AEA0001A88FB681B68DA60FB681B6B9A1CFB68DE
:10AEB0001A63FB68DB8E9BB2013B9AB2FB68DA86B1
:10AEC00032E0FB681B689B6803F00203022B12D17F
:10AED000FB681B6B1A88FB681B68DA60FB681B6BDE
:10AEE0009A1CFB681A63FB68DB8E9BB2013B9AB22B
:10AEF000FB68DA8618E0FDF715FA0246FB69D31AFB
:10AF00003A689A4203D83B68B3F1FF3F02D13B68ED
:10AF1000002B09D1FB68012283F85120FB68002235
:10AF200083F85020032382E0FB68DB8E9BB2002B6A
:10AF3000C7D153E0FB685B68002B02D07B8B012BF1
:10AF400047D1FB681A6BFB681B680C3312781A70C8
:10AF5000FB681B6B5A1CFB681A63FB68DB8E9BB299
:10AF6000013B9AB2FB68DA8633E0FB681B689B689A
:10AF700003F00203022B13D1FB681A6BFB681B68FA
:10AF80000C3312781A70FB681B6B5A1CFB681A632F
:10AF9000FB68DB8E9BB2013B9AB2FB68DA8618E055
:10AFA000FDF7C0F90246FB69D31A3A689A4203D802
:10AFB0003B68B3F1FF3F02D13B68002B09D1FB682E
:10AFC000012283F85120FB68002283F850200323DC
:10AFD0002DE0FB68DB8E9BB2002BC6D1FA69396885
:10AFE000F86800F0D9FB0346002B02D0FB68202252
:10AFF0005A65FB689B68002B0AD100237B61FB68C4
:10B000001B68DB687B61FB681B689B687B617B69F5
:10B01000FB68012283F85120FB68002283F850204E
:10B02000FB685B6D002B01D0012300E00023184674
:10B030002037BD4680BD80B588B002AFF860B960EA
:10B040003B601346FB80FB6893F85130DBB2012B69
:10B0500001D0022304E1FB685B68B3F5827F12D163
:10B06000FB689B68002B0ED1FB68042283F85120FB
:10B07000FA883B6800931346BA68B968F86800F02C
:10B08000F3F80346ECE0FDF74DF97861BB68002B5F
:10B0900002D0FB88002B01D10123E1E0FB6893F88B
:10B0A0005030012B01D10223DAE0FB68012283F842
:10B0B0005020FB68042283F85120FB6800225A6567
:10B0C000FB68BA689A63FB68FA889A87FB68FA8813
:10B0D000DA87FB6800221A63FB6800229A86FB6805
:10B0E0000022DA86FB6800221A64FB6800225A6498
:10B0F000FB689B68B3F5004F0FD1FB681B681A68AB
:10B10000FB681B6822F040021A60FB681B681A6823
:10B11000FB681B6822F480421A60FB681B681B688E
:10B1200003F04003402B07D0FB681B681A68FB68DC
:10B130001B6842F040021A60FB68DB68002B70D18C
:10B1400035E0FB681B689B6803F00103012B15D1F8
:10B15000FB681B6803F10C02FB689B6B1278D2B290
:10B160001A70FB689B6B5A1CFB689A63FB68DB8F49
:10B170009BB2013B9AB2FB68DA8718E0FDF7D2F880
:10B1800002467B69D31A3A689A4203D83B68B3F106
:10B19000FF3F02D13B68002B09D1FB68012283F8F5
:10B1A0005120FB68002283F85020032358E0FB68FD
:10B1B000DB8F9BB2002BC4D138E0FB681B689B6817
:10B1C00003F00103012B13D1FB681B68DA68FB68ED
:10B1D0009B6B92B21A80FB689B6B9A1CFB689A630C
:10B1E000FB68DB8F9BB2013B9AB2FB68DA8718E001
:10B1F000FDF798F802467B69D31A3A689A4203D859
:10B200003B68B3F1FF3F02D13B68002B09D1FB68DB
:10B21000012283F85120FB68002283F85020032389
:10B220001EE0FB68DB8F9BB2002BC6D17A693968C0
:10B23000F86800F04BFA0346002B02D0FB6820228E
:10B240005A65FB68012283F85120FB68002283F8CD
:10B250005020FB685B6D002B01D0012300E0002330
:10B2600018461837BD4680BD80B58AB000AFF8607B
:10B27000B9607A607B8001237B62FDF753F8386206
:10B28000FB6893F85130FB77FB685B68BB617B8898
:10B29000FB82FB7F012B0CD0BB69B3F5827F06D10B
:10B2A000FB689B68002B02D1FB7F042B01D002239B
:10B2B0007FE1BB68002B05D07B68002B02D07B8828
:10B2C000002B01D1012374E1FB6893F85030012B6E
:10B2D00001D102236DE1FB68012283F85020FB6855
:10B2E00093F85130DBB2042B03D0FB68052283F8BE
:10B2F0005120FB6800225A65FB687A689A63FB68F4
:10B300007A88DA87FB687A889A87FB68BA681A6352
:10B31000FB687A88DA86FB687A889A86FB6800225E
:10B320001A64FB6800225A64FB681B681B6803F000
:10B330004003402B07D0FB681B681A68FB681B683A
:10B3400042F040021A60FB68DB68B3F5006F7ED103
:10B35000FB685B68002B02D0FB8A012B6CD1FB6879
:10B360001B6B1A88FB681B68DA60FB681B6B9A1CF6
:10B37000FB681A63FB68DB8E9BB2013B9AB2FB68E9
:10B38000DA8659E0FB681B689B6803F00203022B16
:10B390001BD1FB68DB8E9BB2002B16D07B6A012B86
:10B3A00013D1FB681B6B1A88FB681B68DA60FB68AB
:10B3B0001B6B9A1CFB681A63FB68DB8E9BB2013B1C
:10B3C0009AB2FB68DA8600237B62FB681B689B6885
:10B3D00003F00103012B19D1FB68DB8F9BB2002B1B
:10B3E00014D0FB681B68DA68FB689B6B92B21A800A
:10B3F000FB689B6B9A1CFB689A63FB68DB8F9BB2B4
:10B40000013B9AB2FB68DA8701237B62FCF78AFF73
:10B4100002463B6AD31A3A6B9A420DD83B6BB3F1A2
:10B42000FF3F09D0FB68012283F85120FB6800220E
:10B4300083F850200323BCE0FB68DB8E9BB2002B1B
:10B44000A0D1FB68DB8F9BB2002B9BD182E0FB6815
:10B450005B68002B02D0FB8A012B71D1FB681A6B51
:10B46000FB681B680C3312781A70FB681B6B5A1C44
:10B47000FB681A63FB68DB8E9BB2013B9AB2FB68E8
:10B48000DA865DE0FB681B689B6803F00203022B11
:10B490001CD1FB68DB8E9BB2002B17D07B6A012B83
:10B4A00014D1FB681A6BFB681B680C3312781A7096
:10B4B000FB681B6B5A1CFB681A63FB68DB8E9BB234
:10B4C000013B9AB2FB68DA8600237B62FB681B684B
:10B4D0009B6803F00103012B19D1FB68DB8F9BB242
:10B4E000002B14D0FB681B68DA68FB689B6BD2B238
:10B4F0001A70FB689B6B5A1CFB689A63FB68DB8FB6
:10B500009BB2013B9AB2FB68DA8701237B62FCF7AE
:10B5100009FF02463B6AD31A3A6B9A4203D83B6B47
:10B52000B3F1FF3F02D13B6B002B09D1FB68012235
:10B5300083F85120FB68002283F85020032338E071
:10B54000FB68DB8E9BB2002B9CD1FB68DB8F9BB230
:10B55000002B97D13A6A396BF86800F01DF9034661
:10B56000002B08D0FB6820225A65FB68002283F874
:10B57000502001231DE0FB689B68002B0AD10023AB
:10B580003B61FB681B68DB683B61FB681B689B6871
:10B590003B613B69FB68012283F85120FB68002274
:10B5A00083F85020FB685B6D002B01D0012300E085
:10B5B000002318462837BD4680BD000080B588B0FE
:10B5C00000AFF860B9603B601346FB71FCF7AAFE60
:10B5D0000246BB6A9B1A3A681344FB61FCF7A2FE61
:10B5E000B861394B1B685B011B0DFA6902FB03F361
:10B5F0007B6154E03B68B3F1FF3F50D0FCF792FE13
:10B600000246BB69D31AFA699A4202D9FB69002B38
:10B610003DD1FB681B685A68FB681B6822F0E0029A
:10B620005A60FB685B68B3F5827F11D1FB689B6849
:10B63000B3F5004F04D0FB689B68B3F5806F07D16A
:10B64000FB681B681A68FB681B6822F040021A60DE
:10B65000FB689B6AB3F5005F0FD1FB681B681A6833
:10B66000FB681B6822F400521A60FB681B681A68AA
:10B67000FB681B6842F400521A60FB68012283F8E1
:10B680005120FB68002283F85020032317E07B69D8
:10B69000002B01D10023FB617B69013B7B61FB68CF
:10B6A0001B689A68BB681340BA689A420CBF0123B2
:10B6B0000023DBB21A46FB799A429BD1002318463D
:10B6C0002037BD4680BD00BF3C02002080B586B05B
:10B6D00002AFF860B9607A60FB685B68B3F5827F9F
:10B6E00011D1FB689B68B3F5004F04D0FB689B68E1
:10B6F000B3F5806F07D1FB681B681A68FB681B688D
:10B7000022F040021A60FB685B68B3F5827F2AD1A1
:10B71000FB689B68B3F5806F12D07B680093BB68B1
:10B7200000228021F868FFF749FF0346002B2DD047
:10B73000FB685B6D43F02002FB685A65032326E03B
:10B740007B680093BB6800220121F868FFF736FF91
:10B750000346002B1AD0FB685B6D43F02002FB68A8
:10B760005A65032313E07B680093BB680022012124
:10B77000F868FFF723FF0346002B07D0FB685B6DDB
:10B7800043F02002FB685A65032300E000231846BB
:10B790001037BD4680BD000080B588B002AFF860AC
:10B7A000B9607A607B680093BB6801220221F86867
:10B7B000FFF704FF0346002B07D0FB685B6D43F0E7
:10B7C0002002FB685A65032332E01B4B1B681B4AAF
:10B7D000A2FB03235B0D4FF47A7202FB03F37B6140
:10B7E000FB685B68B3F5827F12D17B680093BB680E
:10B7F00000228021F868FFF7E1FE0346002B16D0F7
:10B80000FB685B6D43F02002FB685A6503230FE081
:10B810007B69002B0AD07B69013B7B61FB681B685D
:10B820009B6803F08003802BF2D000E000BF002370
:10B8300018461837BD4680BD3C020020819F5E1629
:10B8400080B582B000AF78607B68002B01D1012306
:10B8500041E07B6893F83D30DBB2002B06D17B687A
:10B86000002283F83C207868FCF792F97B6802227A
:10B8700083F83D207B681A687B68043319461046BC
:10B8800000F0D2FC7B68012283F846207B6801220D
:10B8900083F83E207B68012283F83F207B680122E9
:10B8A00083F840207B68012283F841207B680122D5
:10B8B00083F842207B68012283F843207B680122C1
:10B8C00083F844207B68012283F845207B680122AD
:10B8D00083F83D20002318460837BD4680BD000090
:10B8E00080B485B000AF78607B6893F83D30DBB200
:10B8F000012B01D001234EE07B68022283F83D201A
:10B900007B681B68DA687B681B6842F00102DA60BA
:10B910007B681B68234A934222D07B681B68B3F183
:10B92000804F1DD07B681B681F4A934218D07B68EC
:10B930001B681E4A934213D07B681B681C4A9342C3
:10B940000ED07B681B681B4A934209D07B681B683A
:10B95000194A934204D07B681B68184A934211D15C
:10B960007B681B689B6803F00703FB60FB68062B82
:10B9700010D07B681B681A687B681B6842F0010264
:10B980001A6007E07B681B681A687B681B6842F0D6
:10B9900001021A60002318461437BD465DF8047B87
:10B9A000704700BF00000140000400400008004054
:10B9B000000C00400004014000400140001800401D
:10B9C00080B582B000AF78607B68002B01D1012385
:10B9D00041E07B6893F83D30DBB2002B06D17B68F9
:10B9E000002283F83C20786800F039F87B68022256
:10B9F00083F83D207B681A687B680433194610463B
:10BA000000F012FC7B68012283F846207B6801224B
:10BA100083F83E207B68012283F83F207B68012267
:10BA200083F840207B68012283F841207B68012253
:10BA300083F842207B68012283F843207B6801223F
:10BA400083F844207B68012283F845207B6801222B
:10BA500083F83D20002318460837BD4680BD80B4DA
:10BA600083B000AF786000BF0C37BD465DF8047B43
:10BA70007047000080B584B000AF786039603B68E3
:10BA8000002B09D17B6893F83E30DBB2012B14BF49
:10BA900001230023DBB222E03B68042B09D17B6841
:10BAA00093F83F30DBB2012B14BF01230023DBB23C
:10BAB00015E03B68082B09D17B6893F84030DBB276
:10BAC000012B14BF01230023DBB208E07B6893F84D
:10BAD0004130DBB2012B14BF01230023DBB2002B6A
:10BAE00001D001237CE03B68002B04D17B6802225B
:10BAF00083F83E2013E03B68042B04D17B680222CC
:10BB000083F83F200BE03B68082B04D17B680222BE
:10BB100083F8402003E07B68022283F841207B68A1
:10BB20001B6801223968184600F074FE7B681B68A8
:10BB30002D4A934204D07B681B682C4A934201D162
:10BB4000012300E00023002B07D07B681B685A6CA0
:10BB50007B681B6842F400425A647B681B68224A77
:10BB6000934222D07B681B68B3F1804F1DD07B6865
:10BB70001B681F4A934218D07B681B681D4A93427A
:10BB800013D07B681B681C4A93420ED07B681B68ED
:10BB9000164A934209D07B681B68184A934204D026
:10BBA0007B681B68164A934211D17B681B689B68AF
:10BBB00003F00703FB60FB68062B10D07B681B6853
:10BBC0001A687B681B6842F001021A6007E07B6814
:10BBD0001B681A687B681B6842F001021A60002328
:10BBE00018461037BD4680BD0000014000040140EA
:10BBF0000004004000080040000C004000400140EC
:10BC00000018004080B582B000AF786039607B6872
:10BC10001B6800223968184600F0FCFD7B681B6831
:10BC20002E4A934204D07B681B682D4A934201D16F
:10BC3000012300E00023002B17D07B681B681A6AE1
:10BC400041F211131340002B0FD17B681B681A6A55
:10BC500040F244431340002B07D17B681B685A6CA9
:10BC60007B681B6822F400425A647B681B681A6A6E
:10BC700041F211131340002B0FD17B681B681A6A25
:10BC800040F244431340002B07D17B681B681A68BD
:10BC90007B681B6822F001021A603B68002B04D10C
:10BCA0007B68012283F83E2013E03B68042B04D11B
:10BCB0007B68012283F83F200BE03B68082B04D10E
:10BCC0007B68012283F8402003E07B68012283F82F
:10BCD0004120002318460837BD4680BD00000140C2
:10BCE0000004014080B584B000AF78607B681B68B9
:10BCF000DB68FB607B681B681B69BB60BB6803F08B
:10BD00000203002B20D0FB6803F00203002B1BD0A2
:10BD10007B681B686FF002021A617B6801221A7748
:10BD20007B681B689B6903F00303002B03D07868D2
:10BD300000F05BFA05E0786800F04DFA786800F0F2
:10BD40005EFA7B6800221A77BB6803F00403002BBD
:10BD500020D0FB6803F00403002B1BD07B681B681A
:10BD60006FF004021A617B6802221A777B681B68F5
:10BD70009B6903F44073002B03D0786800F035FA18
:10BD800005E0786800F027FA786800F038FA7B68F8
:10BD900000221A77BB6803F00803002B20D0FB6851
:10BDA00003F00803002B1BD07B681B686FF00802B0
:10BDB0001A617B6804221A777B681B68DB6903F0D1
:10BDC0000303002B03D0786800F00FFA05E07868D1
:10BDD00000F001FA786800F012FA7B6800221A7706
:10BDE000BB6803F01003002B20D0FB6803F01003A6
:10BDF000002B1BD07B681B686FF010021A617B68F8
:10BE000008221A777B681B68DB6903F44073002BF8
:10BE100003D0786800F0E9F905E0786800F0DBF914
:10BE2000786800F0ECF97B6800221A77BB6803F0B1
:10BE30000103002B0CD0FB6803F00103002B07D09B
:10BE40007B681B686FF001021A617868F5F79EFD48
:10BE5000BB6803F08003002B0CD0FB6803F0800369
:10BE6000002B07D07B681B686FF080021A6178682E
:10BE700000F0CEFDBB6803F04003002B0CD0FB6844
:10BE800003F04003002B07D07B681B686FF0400273
:10BE90001A61786800F0BDF9BB6803F02003002B3D
:10BEA0000CD0FB6803F02003002B07D07B681B68D5
:10BEB0006FF020021A61786800F0A0FD00BF103713
:10BEC000BD4680BD80B586B000AFF860B9607A60CD
:10BED0000023FB75FB6893F83C30012B01D1022352
:10BEE000AEE0FB68012283F83C207B680C2B00F25B
:10BEF0009F8001A252F823F02DBF000831C0000836
:10BF000031C0000831C000086DBF000831C0000812
:10BF100031C0000831C00008AFBF000831C00008C0
:10BF200031C0000831C00008EFBF0008FB681B6883
:10BF3000B968184600F024FAFB681B689A69FB6828
:10BF40001B6842F008029A61FB681B689A69FB68EB
:10BF50001B6822F004029A61FB681B689969BB6840
:10BF60001A69FB681B680A439A6164E0FB681B68F6
:10BF7000B968184600F074FAFB681B689A69FB6898
:10BF80001B6842F400629A61FB681B689A69FB684F
:10BF90001B6822F480629A61FB681B689969BB6820
:10BFA0001B691A02FB681B680A439A6143E0FB683D
:10BFB0001B68B968184600F0C9FAFB681B68DA69A3
:10BFC000FB681B6842F00802DA61FB681B68DA69EB
:10BFD000FB681B6822F00402DA61FB681B68D96900
:10BFE000BB681A69FB681B680A43DA6123E0FB68D7
:10BFF0001B68B968184600F01DFBFB681B68DA690E
:10C00000FB681B6842F40062DA61FB681B68DA694E
:10C01000FB681B6822F48062DA61FB681B68D969DF
:10C02000BB681B691A02FB681B680A43DA6102E0FD
:10C030000123FB7500BFFB68002283F83C20FB7DD9
:10C0400018461837BD4680BD80B584B000AF786013
:10C0500039600023FB737B6893F83C30012B01D1DE
:10C060000223B4E07B68012283F83C207B68022233
:10C0700083F83D207B681B689B68BB60BB6823F02E
:10C080007703BB60BB6823F47F43BB607B681B689E
:10C09000BA689A603B681B68B3F5005F3ED0B3F5A1
:10C0A000005F00F28780B3F5805F00F08680B3F513
:10C0B000805F7FD8702B1AD0702B7BD8602B50D02C
:10C0C000602B77D8502B3CD0502B73D8402B58D0B6
:10C0D000402B6FD8302B64D0302B6BD8202B60D006
:10C0E000202B67D8002B5CD0102B5AD062E07B68E5
:10C0F00018683B6899683B685A683B68DB6800F0E1
:10C1000069FB7B681B689B68BB60BB6843F0770377
:10C11000BB607B681B68BA689A604FE07B681868F0
:10C120003B6899683B685A683B68DB6800F052FBE3
:10C130007B681B689A687B681B6842F480429A603F
:10C140003CE07B6818683B6859683B68DB681A46C6
:10C1500000F0C6FA7B681B685021184600F01FFBF0
:10C160002CE07B6818683B6859683B68DB681A46B6
:10C1700000F0E5FA7B681B686021184600F00FFBB1
:10C180001CE07B6818683B6859683B68DB681A46A6
:10C1900000F0A6FA7B681B684021184600F0FFFA01
:10C1A0000CE07B681A683B681B681946104600F073
:10C1B000F6FA03E00123FB7300E000BF7B68012275
:10C1C00083F83D207B68002283F83C20FB7B1846E7
:10C1D0001037BD4680BD80B483B000AF786000BF2B
:10C1E0000C37BD465DF8047B704780B483B000AF68
:10C1F000786000BF0C37BD465DF8047B704780B4A3
:10C2000083B000AF786000BF0C37BD465DF8047B9B
:10C21000704780B483B000AF786000BF0C37BD4674
:10C220005DF8047B7047000080B485B000AF786093
:10C2300039607B681B68FB607B68464A934213D079
:10C240007B68B3F1804F0FD07B68434A93420BD099
:10C250007B68424A934207D07B68414A934203D0AD
:10C260007B68404A934208D1FB6823F07003FB606F
:10C270003B685B68FA681343FB607B68354A93420E
:10C280002BD07B68B3F1804F27D07B68324A934232
:10C2900023D07B68314A93421FD07B68304A934257
:10C2A0001BD07B682F4A934217D07B682E4A93425B
:10C2B00013D07B682D4A93420FD07B682C4A93425F
:10C2C0000BD07B682B4A934207D07B682A4A934263
:10C2D00003D07B68294A934208D1FB6823F440735A
:10C2E000FB603B68DB68FA681343FB60FB6823F084
:10C2F00080023B685B691343FB607B68FA681A60E5
:10C300003B689A687B68DA623B681A687B689A6265
:10C310007B68104A934203D07B68124A934203D150
:10C320003B681A697B681A637B6801225A617B68E3
:10C330001B6903F00103012B05D17B681B6923F006
:10C3400001027B681A6100BF1437BD465DF8047BAB
:10C35000704700BF0000014000040040000800409A
:10C36000000C004000040140004001400044014036
:10C370000048014000180040001C00400020004020
:10C3800080B487B000AF786039607B681B6A7B61DE
:10C390007B681B6A23F001027B681A627B685B681A
:10C3A0003B617B689B69FB60FB6823F07003FB606B
:10C3B000FB6823F00303FB603B681B68FA681343C8
:10C3C000FB607B6923F002037B613B689B687A69B1
:10C3D00013437B617B68204A934203D07B681F4AEA
:10C3E00093420CD17B6923F008037B613B68DB68D7
:10C3F0007A6913437B617B6923F004037B617B686B
:10C40000154A934203D07B68144A934211D13B6989
:10C4100023F480733B613B6923F400733B613B6809
:10C420005B693A6913433B613B689B693A69134313
:10C430003B617B683A695A607B68FA689A613B683D
:10C440005A687B685A637B687A691A6200BF1C3736
:10C45000BD465DF8047B70470000014000040140C8
:10C4600080B487B000AF786039607B681B6A7B61FD
:10C470007B681B6A23F010027B681A627B685B682A
:10C480003B617B689B69FB60FB6823F4E043FB60D6
:10C49000FB6823F44073FB603B681B681B02FA686F
:10C4A0001343FB607B6923F020037B613B689B683F
:10C4B0001B017A6913437B617B68224A934203D054
:10C4C0007B68214A93420DD17B6923F080037B6115
:10C4D0003B68DB681B017A6913437B617B6923F04E
:10C4E00040037B617B68174A934203D07B68164AFE
:10C4F000934213D13B6923F480633B613B6923F48E
:10C5000000633B613B685B699B003A6913433B6195
:10C510003B689B699B003A6913433B617B683A69BE
:10C520005A607B68FA689A613B685A687B689A63CC
:10C530007B687A691A6200BF1C37BD465DF8047BD0
:10C54000704700BF000001400004014080B487B084
:10C5500000AF786039607B681B6A7B617B681B6A0F
:10C5600023F480727B681A627B685B683B617B683E
:10C57000DB69FB60FB6823F07003FB60FB6823F062
:10C580000303FB603B681B68FA681343FB607B692D
:10C5900023F400737B613B689B681B027A69134339
:10C5A0007B617B68214A934203D07B68204A934297
:10C5B0000DD17B6923F400637B613B68DB681B0260
:10C5C0007A6913437B617B6923F480637B617B68B9
:10C5D000164A934203D07B68154A934213D13B69B4
:10C5E00023F480533B613B6923F400533B613B6878
:10C5F0005B691B013A6913433B613B689B691B0103
:10C600003A6913433B617B683A695A607B68FA6810
:10C61000DA613B685A687B68DA637B687A691A6218
:10C6200000BF1C37BD465DF8047B70470000014029
:10C630000004014080B487B000AF786039607B6847
:10C640001B6A3B617B681B6A23F480527B681A6219
:10C650007B685B687B617B68DB69FB60FB6823F45C
:10C66000E043FB60FB6823F44073FB603B681B689E
:10C670001B02FA681343FB603B6923F400533B61E0
:10C680003B689B681B033A6913433B617B68124A12
:10C69000934203D07B68114A934209D17B6923F40A
:10C6A00080437B613B685B699B017A6913437B61D3
:10C6B0007B687A695A607B68FA68DA613B685A6815
:10C6C0007B681A647B683A691A6200BF1C37BD46F2
:10C6D0005DF8047B704700BF00000140000401408A
:10C6E00080B487B000AFF860B9607A60FB681B6AFD
:10C6F0007B61FB681B6A23F00102FB681A62FB681E
:10C700009B693B613B6923F0F0033B617B681B0144
:10C710003A6913433B617B6923F00A037B617A69C1
:10C72000BB6813437B61FB683A699A61FB687A696D
:10C730001A6200BF1C37BD465DF8047B704780B4A9
:10C7400087B000AFF860B9607A60FB681B6A7B61F4
:10C75000FB681B6A23F01002FB681A62FB689B6986
:10C760003B613B6923F470433B617B681B033A697F
:10C7700013433B617B6923F0A0037B61BB681B0112
:10C780007A6913437B61FB683A699A61FB687A694D
:10C790001A6200BF1C37BD465DF8047B704780B449
:10C7A00085B000AF786039607B689B68FB60FB6890
:10C7B00023F07003FB603A68FB68134343F0070300
:10C7C000FB607B68FA689A6000BF1437BD465DF86D
:10C7D000047B704780B487B000AFF860B9607A60BE
:10C7E0003B60FB689B687B617B6923F47F437B61D3
:10C7F0003B681A027B681A43BB6813437A69134388
:10C800007B61FB687A699A6000BF1C37BD465DF8A2
:10C81000047B704780B487B000AFF860B9607A607D
:10C82000BB6803F01F03012202FA03F37B61FB687C
:10C830001A6A7B69DB431A40FB681A62FB681A6A52
:10C84000BB6803F01F03796801FA03F31A43FB681E
:10C850001A6200BF1C37BD465DF8047B70470000BC
:10C8600080B485B000AF786039607B6893F83C3065
:10C87000012B01D102235AE07B68012283F83C207E
:10C880007B68022283F83D207B681B685B68FB6045
:10C890007B681B689B68BB60FB6823F07003FB60D0
:10C8A0003B681B68FA681343FB607B681B68FA6887
:10C8B0005A607B681B68214A934222D07B681B68C0
:10C8C000B3F1804F1DD07B681B681D4A934218D07E
:10C8D0007B681B681B4A934213D07B681B681A4A0B
:10C8E00093420ED07B681B68184A934209D07B683C
:10C8F0001B68174A934204D07B681B68154A934211
:10C900000CD1BB6823F08003BB603B685B68BA68EE
:10C910001343BB607B681B68BA689A607B6801221E
:10C9200083F83D207B68002283F83C2000231846D2
:10C930001437BD465DF8047B704700BF000001401E
:10C940000004004000080040000C004000040140CA
:10C95000004001400018004080B485B000AF78600E
:10C9600039600023FB607B6893F83C30012B01D1D8
:10C9700002233DE07B68012283F83C20FB6823F022
:10C98000FF023B68DB681343FB60FB6823F44072E3
:10C990003B689B681343FB60FB6823F480623B6841
:10C9A0005B681343FB60FB6823F400623B681B6811
:10C9B0001343FB60FB6823F480523B681B691343FD
:10C9C000FB60FB6823F400523B685B691343FB6028
:10C9D000FB6823F480423B68DB691343FB607B68A0
:10C9E0001B68FA685A647B68002283F83C200023A5
:10C9F00018461437BD465DF8047B704780B483B099
:10CA000000AF786000BF0C37BD465DF8047B70470F
:10CA100080B483B000AF786000BF0C37BD465DF8CE
:10CA2000047B704780B582B000AF78607B68002BD4
:10CA300001D1012342E07B6893F84130DBB2002B47
:10CA400006D17B68002283F840207868FBF7B2F9B2
:10CA50007B68242283F841207B681B68DA687B6846
:10CA60001B6822F40052DA60786800F037FF7B68B8
:10CA70001B681A697B681B6822F490421A617B6804
:10CA80001B685A697B681B6822F02A025A617B681E
:10CA90001B68DA687B681B6842F40052DA607B68C6
:10CAA00000225A647B68202283F841207B68202280
:10CAB00083F842207B6800225A6300231846083717
:10CAC000BD4680BD80B58CB000AFF860B96013463C
:10CAD000FB80FB6893F84130DBB2202B56D1BB685A
:10CAE000002B02D0FB88002B01D101234FE0BA6854
:10CAF000FB681A62FB68FA889A84FB68FA88DA8411
:10CB0000FB6800225A64FB68212283F84120FB68FD
:10CB10009B6B214ADA63FB689B6B204A1A64FB68B3
:10CB20009B6B1F4ADA64FB689B6B00221A6507F156
:10CB30000803FB62FB68986BFB6A1968FB681B685B
:10CB400004331A46FB88FBF7ADFDFB681B686FF0EA
:10CB500040021A60FB681B681433BB61BB6953E871
:10CB6000003F7B617B6943F08003BB62FB681B680D
:10CB70001433BA6A7A623B62396A7A6A41E80023FE
:10CB8000FB61FB69002BE5D1002300E0022318467E
:10CB90003037BD4680BD00BF69D1000803D2000810
:10CBA00087D3000880B584B000AFF860B960134641
:10CBB000FB80FB6893F84230DBB2202B12D1BB68BC
:10CBC000002B02D0FB88002B01D101230BE0FB6876
:10CBD00000221A63FB881A46B968F86800F01EFC48
:10CBE000034600E0022318461037BD4680BD000012
:10CBF00080B5BAB000AF78607B681B681B68C7F867
:10CC0000E4307B681B68DB68C7F8E0307B681B6832
:10CC10005B69C7F8DC300023C7F8D8300023C7F8B9
:10CC2000D430D7F8E43003F00F03C7F8D830D7F882
:10CC3000D830002B0FD1D7F8E43003F02003002BBD
:10CC400009D0D7F8E03003F02003002B03D0786838
:10CC500000F085FD5BE2D7F8D830002B00F0DE80D5
:10CC6000D7F8DC3003F00103002B06D1D7F8E03011
:10CC700003F49073002B00F0D180D7F8E43003F078
:10CC80000103002B0BD0D7F8E03003F48073002BA6
:10CC900005D07B685B6C43F001027B685A64D7F86F
:10CCA000E43003F00403002B0BD0D7F8DC3003F0A2
:10CCB0000103002B05D07B685B6C43F002027B68AC
:10CCC0005A64D7F8E43003F00203002B0BD0D7F8F6
:10CCD000DC3003F00103002B05D07B685B6C43F074
:10CCE00004027B685A64D7F8E43003F00803002B91
:10CCF00011D0D7F8E03003F02003002B05D1D7F88E
:10CD0000DC3003F00103002B05D07B685B6C43F043
:10CD100008027B685A647B685B6C002B00F0F28130
:10CD2000D7F8E43003F02003002B08D0D7F8E03028
:10CD300003F02003002B02D0786800F010FD7B6820
:10CD40001B685B6903F04003402B0CBF01230023E9
:10CD5000DBB2C7F8D4307B685B6C03F00803002BB0
:10CD600003D1D7F8D430002B4FD0786800F018FCEE
:10CD70007B681B685B6903F04003402B41D17B68F3
:10CD80001B681433C7F89C30D7F89C3053E8003F39
:10CD9000C7F89830D7F8983023F04003C7F8D03060
:10CDA0007B681B681433D7F8D020C7F8A820C7F8D1
:10CDB000A430D7F8A410D7F8A82041E80023C7F87A
:10CDC000A030D7F8A030002BD9D17B68DB6B002BCB
:10CDD00013D07B68DB6B7E4A1A657B68DB6B184679
:10CDE000FBF728FD0346002B16D07B68DB6B1B6D21
:10CDF0007A68D26B104698470EE07868F8F7C8FE5C
:10CE00000AE07868F8F7C4FE06E07868F8F7C0FE34
:10CE10007B6800225A6475E100BF73E17B681B6B7D
:10CE2000012B40F04F81D7F8E43003F01003002BC2
:10CE300000F04881D7F8E03003F01003002B00F039
:10CE400041810023BB607B681B681B68BB607B68FB
:10CE50001B685B68BB60BB687B681B685B6903F031
:10CE60004003402B40F0B6807B68DB6B1B685B683F
:10CE7000A7F8BE30B7F8BE30002B00F045817B68C4
:10CE80009B8DB7F8BE209A4280F03E817B68B7F850
:10CE9000BE20DA857B68DB6BDB69B3F5807F00F051
:10CEA00088807B681B680C33C7F88830D7F88830D7
:10CEB00053E8003FC7F88430D7F8843023F48073F8
:10CEC000C7F8B8307B681B680C33D7F8B820C7F8B0
:10CED0009420C7F89030D7F89010D7F8942041E804
:10CEE0000023C7F88C30D7F88C30002BD9D17B6861
:10CEF0001B6814337B677B6F53E8003F3B673B6FD6
:10CF000023F00103C7F8B4307B681B681433D7F8EB
:10CF1000B420C7F88020FB67F96FD7F8802041E87C
:10CF20000023BB67BB6F002BE1D17B681B68143308
:10CF30003B663B6E53E8003FFB65FB6D23F040030F
:10CF4000C7F8B0307B681B681433D7F8B020FA6696
:10CF5000BB66B96EFA6E41E800237B667B6E002BE0
:10CF6000E3D17B68202283F842207B6800221A6389
:10CF70007B681B680C33FB64FB6C53E8003FBB64AD
:10CF8000BB6C23F01003C7F8AC307B681B680C3314
:10CF9000D7F8AC20BA657B65796DBA6D41E800239E
:10CFA0003B653B6D002BE3D17B68DB6B1846FBF7E1
:10CFB000D1FB7B6802225A637B689A8D7B68DB8D8C
:10CFC0009BB2D31A9BB21946786800F0C1F89BE077
:10CFD00067D600087B689A8D7B68DB8D9BB2D31A7D
:10CFE000A7F8CE307B68DB8D9BB2002B00F08E80E3
:10CFF000B7F8CE30002B00F089807B681B680C33BB
:10D00000BB63BB6B53E8003F7B637B6B23F4907384
:10D01000C7F8C8307B681B680C33D7F8C8207A641F
:10D020003B64396C7A6C41E80023FB63FB6B002B9B
:10D03000E3D17B681B6814337B627B6A53E8003F53
:10D040003B623B6A23F00103C7F8C4307B681B686E
:10D050001433D7F8C4203A63FB62F96A3A6B41E8AB
:10D060000023BB62BB6A002BE3D17B68202283F8DC
:10D0700042207B6800221A637B681B680C333B618B
:10D080003B6953E8003FFB60FB6823F01003C7F8DF
:10D09000C0307B681B680C33D7F8C020FA61BB61D5
:10D0A000B969FA6941E800237B617B69002BE3D110
:10D0B0007B6802225A63B7F8CE301946786800F0D0
:10D0C00047F823E0D7F8E43003F08003002B09D0C1
:10D0D000D7F8E03003F08003002B03D0786800F02D
:10D0E000D6FA14E0D7F8E43003F04003002B0ED05A
:10D0F000D7F8E03003F04003002B08D0786800F048
:10D1000016FB04E000BF02E000BF00E000BFE8370C
:10D11000BD4680BD80B483B000AF786000BF0C37DF
:10D12000BD465DF8047B704780B483B000AF786083
:10D1300000BF0C37BD465DF8047B704780B483B0F8
:10D1400000AF786000BF0C37BD465DF8047B7047C8
:10D1500080B483B000AF78600B467B8000BF0C3793
:10D16000BD465DF8047B704780B590B000AF786035
:10D170007B689B6BFB637B681B681B6803F4807395
:10D18000002B37D1FB6B0022DA84FB6B1B68143356
:10D190007B627B6A53E8003F3B623B6A23F080037B
:10D1A000BB63FB6B1B681433BA6B3A63FB62F96AAF
:10D1B0003A6B41E80023BB62BB6A002BE5D1FB6BF5
:10D1C0001B680C333B613B6953E8003FFB60FB6825
:10D1D00043F040037B63FB6B1B680C337A6BFA6193
:10D1E000BB61B969FA6941E800237B617B69002B67
:10D1F000E5D102E0F86BF4F7BDFB00BF4037BD4658
:10D2000080BD80B584B000AF78607B689B6BFB60AD
:10D21000F868FFF77FFF00BF1037BD4680BD80B5BF
:10D220009CB000AF78607B689B6BFB667B681B687B
:10D230001B6803F48073002B72D1FB6E0022DA8529
:10D24000FB6E1B680C33FB64FB6C53E8003FBB6454
:10D25000BB6C23F48073BB66FB6E1B680C33BA6E29
:10D26000BA657B65796DBA6D41E800233B653B6D1E
:10D27000002BE5D1FB6E1B681433BB63BB6B53E81B
:10D28000003F7B637B6B23F001037B66FB6E1B68B7
:10D2900014337A6E7A643B64396C7A6C41E800230B
:10D2A000FB63FB6B002BE5D1FB6E1B6814337B62C9
:10D2B0007B6A53E8003F3B623B6A23F040033B66D6
:10D2C000FB6E1B6814333A6E3A63FB62F96A3A6B81
:10D2D00041E80023BB62BB6A002BE5D1FB6E202234
:10D2E00083F84220FB6E1B6B012B19D1FB6E1B6870
:10D2F0000C333B613B6953E8003FFB60FB6823F064
:10D300001003FB65FB6E1B680C33FA6DFA61BB61A1
:10D31000B969FA6941E800237B617B69002BE5D19B
:10D32000FB6E00225A63FB6E1B6B012B06D1FB6E5A
:10D330009B8D1946F86EFFF70BFF02E0F86EFFF7C2
:10D34000F3FE00BF7037BD4680BD80B584B000AF2E
:10D3500078607B689B6BFB60FB6801225A63FB680B
:10D360001B6B012B08D1FB689B8D5B089BB2194698
:10D37000F868FFF7EDFE02E0F868FFF7DFFE00BF98
:10D380001037BD4680BD80B584B000AF7860002303
:10D39000FB607B689B6BBB60BB681B685B6903F0D1
:10D3A0008003802B0CBF01230023DBB2FB60BB6832
:10D3B00093F84130DBB2212B08D1FB68002B05D05C
:10D3C000BB680022DA84B86800F0C2F8BB681B684A
:10D3D0005B6903F04003402B0CBF01230023DBB249
:10D3E000FB60BB6893F84230DBB2222B08D1FB68AC
:10D3F000002B05D0BB680022DA85B86800F0D0F8B1
:10D40000BB685B6C43F01002BB685A64B868F8F7FD
:10D41000BFFB00BF1037BD4680BD000080B598B08F
:10D4200000AFF860B9601346FB80BA68FB689A6287
:10D43000FB68FA889A85FB6800225A64FB682222FE
:10D4400083F84220FB68DB6B3E4ADA63FB68DB6BE8
:10D450003D4A1A64FB68DB6B3C4ADA64FB68DB6BB1
:10D4600000221A6507F10803FB65FB68D86BFB68AF
:10D470001B6804331946FB6D1A68FB88FBF712F929
:10D4800000233B61FB681B681B683B61FB681B68F2
:10D490005B683B613B69FB681B69002B19D0FB682B
:10D4A0001B680C333B643B6C53E8003FFB63FB6B36
:10D4B00043F48073BB65FB681B680C33BA6DFA6478
:10D4C000BB64B96CFA6C41E800237B647B6C002B75
:10D4D000E5D1FB681B681433FB62FB6A53E8003F2D
:10D4E000BB62BB6A43F001037B65FB681B681433B6
:10D4F0007A6DBA637B63796BBA6B41E800233B6357
:10D500003B6B002BE5D1FB681B681433BB61BB6927
:10D5100053E8003F7B617B6943F040033B65FB6858
:10D520001B6814333A6D7A623B62396A7A6A41E861
:10D530000023FB61FB69002BE5D10023184660370F
:10D54000BD4680BD1FD200084BD3000887D300081A
:10D5500080B489B000AF78607B681B680C33FB60D7
:10D56000FB6853E8003FBB60BB6823F0C003FB616E
:10D570007B681B680C33FA69BA617B617969BA69A7
:10D5800041E800233B613B69002BE5D17B68202209
:10D5900083F8412000BF2437BD465DF8047B704707
:10D5A00080B495B000AF78607B681B680C337B63F8
:10D5B0007B6B53E8003F3B633B6B23F49073FB644E
:10D5C0007B681B680C33FA6C3A64FB63F96B3A6C4A
:10D5D00041E80023BB63BB6B002BE5D17B681B6874
:10D5E00014333B623B6A53E8003FFB61FB6923F065
:10D5F0000103BB647B681B681433BA6CFA62BB62BC
:10D60000B96AFA6A41E800237B627B6A002BE5D1A4
:10D610007B681B6B012B19D17B681B680C33FB608B
:10D62000FB6853E8003FBB60BB6823F010037B64DA
:10D630007B681B680C337A6CBA617B617969BA6963
:10D6400041E800233B613B69002BE5D17B68202248
:10D6500083F842207B6800221A6300BF5437BD461E
:10D660005DF8047B704780B584B000AF78607B685C
:10D670009B6BFB60FB680022DA85FB680022DA8482
:10D68000F868F8F785FA00BF1037BD4680BD80B452
:10D6900085B000AF78607B6893F84130DBB2212B16
:10D6A0003ED17B689B68B3F5805F14D17B681B69B2
:10D6B000002B10D17B681B6AFB60FB681B881A4635
:10D6C0007B681B68C2F308025A607B681B6A9A1C5D
:10D6D0007B681A6208E07B681B6A591C7A681162D1
:10D6E0001A787B681B685A607B68DB8C9BB2013BB5
:10D6F0009BB27A681946D184002B0FD17B681B68D6
:10D70000DA687B681B6822F08002DA607B681B683D
:10D71000DA687B681B6842F04002DA60002300E0B0
:10D72000022318461437BD465DF8047B704780B568
:10D7300082B000AF78607B681B68DA687B681B6822
:10D7400022F04002DA607B68202283F8412078686A
:10D75000F4F710F9002318460837BD4680BD80B5A0
:10D760008CB000AF78607B6893F84230DBB2222B3C
:10D7700040F0AE807B689B68B3F5805F17D17B6813
:10D780001B69002B13D10023FB627B689B6ABB6281
:10D790007B681B685B689BB2C3F308039AB2BB6AE1
:10D7A0001A807B689B6A9A1C7B689A6226E07B6879
:10D7B0009B6AFB620023BB627B689B68B3F5805F5A
:10D7C00007D07B689B68002B0AD17B681B69002B04
:10D7D00006D17B681B685B68DAB2FB6A1A7008E0E6
:10D7E0007B681B685B68DBB203F07F03DAB2FB6A1D
:10D7F0001A707B689B6A5A1C7B689A627B68DB8D17
:10D800009BB2013B9BB27A681946D185002B5DD152
:10D810007B681B68DA687B681B6822F02002DA608C
:10D820007B681B68DA687B681B6822F48072DA60A8
:10D830007B681B685A697B681B6822F001025A6189
:10D840007B68202283F842207B6800225A637B6831
:10D850001B6B012B35D17B6800221A637B681B6828
:10D860000C337B617B6953E8003F3B613B6923F0EC
:10D8700010037B627B681B680C337A6A3A62FB6137
:10D88000F9693A6A41E80023BB61BB69002BE5D125
:10D890007B681B681B6803F01003102B0AD1002360
:10D8A000FB607B681B681B68FB607B681B685B68B0
:10D8B000FB60FB687B689B8D19467868FFF748FC26
:10D8C00002E07868FFF730FC002302E0002300E06C
:10D8D000022318463037BD4680BD00002DE9B04F09
:10D8E000C0B000AFC7F8F400D7F8F4301B681B696C
:10D8F00023F44050D7F8F430D968D7F8F4301A68D8
:10D9000040EA01031361D7F8F4309A68D7F8F4308D
:10D910001B691A43D7F8F4305B691A43D7F8F4301F
:10D92000DB691343C7F8F830D7F8F4301B68DB68BD
:10D9300023F4164121F00C01D7F8F4301A68D7F817
:10D94000F8300B43D360D7F8F4301B685B6923F4DD
:10D950004070D7F8F4309969D7F8F4301A6840EA83
:10D9600001035361D7F8F4301A688F4B9A4205D0FF
:10D97000D7F8F4301A688D4B9A4204D1FDF748F974
:10D98000C7F8FC0003E0FDF72FF9C7F8FC00D7F853
:10D99000F430DB69B3F5004F40F00C81D7F8FC3070
:10D9A0000022C7F8E830C7F8EC20D7E93A4522460C
:10D9B0002B469118B9655B41FB65D7E916232146D3
:10D9C00012EB0108294643EB01094FF000024FF02A
:10D9D00000034FEAC90343EA58734FEAC80290466E
:10D9E0009946234618EB0303C7F8E0302B4649EB72
:10D9F0000303C7F8E430D7F8F4305B680022C7F8B7
:10DA0000D830C7F8DC20D7E936120B46DB183B6567
:10DA1000134642EB03037B65D7E91423D7E93801AA
:10DA2000F3F7C2F802460B46614BA3FB02235B09E6
:10DA30001C01D7F8FC300022C7F8D030C7F8D4203A
:10DA4000D7E9348942464B469118B9645B41FB647F
:10DA5000D7E91223414612EB010A494643EB010B79
:10DA60004FF000024FF000034FEACB0343EA5A7332
:10DA70004FEACA0292469B4643461AEB0303C7F895
:10DA8000C8304B464BEB0303C7F8CC30D7F8F43023
:10DA90005B680022C7F8C030C7F8C420D7E930124D
:10DAA0000B46DB183B64134642EB03037B64D7E968
:10DAB0001023D7E93201F3F777F802460B461146F7
:10DAC0003B4BA3FB01235B09642202FB03F3CB1A4C
:10DAD000DB0003F13202364BA3FB02235B095B0040
:10DAE00003F4F8731C44D7F8FC300022C7F8B830B0
:10DAF000C7F8BC20D7E92E8942464B469118B96336
:10DB00005B41FB63D7E90E2341465118396349460F
:10DB10004B417B634FF000024FF00003D7E90CABA1
:10DB20005946CB00514643EA51735146CA0010464C
:10DB30001946034642469B18C7F8B0304B460A4682
:10DB400042EB0303C7F8B430D7F8F4305B68002227
:10DB5000C7F8A830C7F8AC20D7E92A120B46DB1863
:10DB6000BB62134642EB0303FB62D7E90A23D7E902
:10DB70002C01F3F719F802460B460D4BA3FB0213D9
:10DB80005B09642101FB03F3D31ADB003233084A3B
:10DB9000A2FB03235B0903F00702D7F8F4301B68EC
:10DBA00022449A6006E100BF0010014000140140C9
:10DBB0001F85EB51D7F8FC300022C7F8A030C7F81A
:10DBC000A420D7E9288942464B46911839625B4127
:10DBD0007B62D7E9082341465418494643EB0105C7
:10DBE0004FF000024FF00003EB0043EA5473E200F1
:10DBF00014461D464346E318C7F898304B4645EB9C
:10DC00000303C7F89C30D7F8F4305B680022C7F8EC
:10DC10009030C7F894204FF000024FF00003D7E98E
:10DC2000244529468B00214643EA917321468A0008
:10DC3000D7E92601F2F7B8FF02460B46604BA3FB7B
:10DC400002235B091C01D7F8FC300022C7F888309A
:10DC5000C7F88C20D7E9228942464B469118B96112
:10DC60005B41FB61D7E906234146511839614946BA
:10DC70004B417B614FF000024FF00003D7E904AB4A
:10DC80005946CB00514643EA51735146CA001046EB
:10DC90001946034642469B18C7F880304B460A4651
:10DCA00042EB0303C7F88430D7F8F4305B680022F6
:10DCB000BB67FA674FF000024FF00003D7E91E89F7
:10DCC00049468B00414643EA917341468A00D7E9B1
:10DCD0002001F2F769FF02460B461146384BA3FBC1
:10DCE00001235B09642202FB03F3CB1A1B013233CD
:10DCF000334AA2FB03235B0903F0F0031C44D7F86B
:10DD0000FC3000223B677A67D7E91C8942464B46C4
:10DD10009118B9605B41FB60D7E902234146511875
:10DD2000396049464B417B604FF000024FF00003E1
:10DD3000D7E900AB5946CB00514643EA51735146EF
:10DD4000CA0010461946034642469B18BB664B461E
:10DD50000A4642EB0303FB66D7F8F4305B68002207
:10DD60003B667A664FF000024FF00003D7E918894E
:10DD700049468B00414643EA917341468A00D7E900
:10DD80001A01F2F711FF02460B460D4BA3FB0213DB
:10DD90005B09642101FB03F3D31A1B013233084AE8
:10DDA000A2FB03235B0903F00F02D7F8F4301B68D2
:10DDB00022449A6000BF07F58077BD46BDE8B08F6A
:10DDC0001F85EB5180B483B000AF03463960FB710F
:10DDD00097F90730002B0ADB3B68DAB20C4997F958
:10DDE00007301201D2B20B4483F800230AE03B68EB
:10DDF000DAB20849FB7903F00F03043B1201D2B2F7
:10DE00000B441A7600BF0C37BD465DF8047B7047A3
:10DE100000E100E000ED00E080B500AF054B1B68BD
:10DE200002F0F0FA0346012B01D003F0E5F900BF40
:10DE300080BD00BF10E000E080B500AF00216FF0B2
:10DE40000400FFF7BFFF00BF80BD000080B483B0B7
:10DE500000AFEFF305833B603B68002B03D06FF00E
:10DE600005037B600CE00A4B1B68002B05D1084BB7
:10DE700001221A6000237B6002E04FF0FF337B60D9
:10DE80007B6818460C37BD465DF8047B704700BFC1
:10DE9000C413002080B582B000AFEFF305833B6070
:10DEA0003B68002B03D06FF005037B6010E00B4B49
:10DEB0001B68012B09D1FFF7BFFF084B02221A6034
:10DEC00001F02AFE00237B6002E04FF0FF337B600D
:10DED0007B6818460837BD4680BD00BFC4130020CC
:10DEE00080B582B000AFEFF305833B603B68002B49
:10DEF00003D001F03DFF786002E001F029FF786077
:10DF00007B6818460837BD4680BD80B58EB004AF2B
:10DF1000F860B9607A6000233B61EFF305837B61B1
:10DF20007B69002B7ED1FB68002B7BD080233B627A
:10DF30001823FB6100237B624FF0FF33BB617B68DA
:10DF4000002B45D07B681B68002B02D07B681B68C8
:10DF50007B627B689B69002B02D07B689B69FB61BD
:10DF6000FB69002B08D0FB69382B05D87B685B6800
:10DF700003F00103002B01D0002354E07B685B69B0
:10DF8000002B03D07B685B699B083B627B689B68C6
:10DF9000002B0ED07B68DB68A72B0AD97B681B6936
:10DFA000002B06D07B685B69002B02D00123BB618C
:10DFB00010E07B689B68002B0CD17B68DB68002B32
:10DFC00008D17B681B69002B04D10023BB6101E0F1
:10DFD0000023BB61BB69012B10D17B681B697A6888
:10DFE000926802920193FB690093BB683A6A796A6E
:10DFF000F86801F09DFB03463B6113E0BB69002B11
:10E0000010D13B6A9AB207F110030193FB690093A8
:10E01000BB68796AF86801F0EBFB0346012B01D07D
:10E0200000233B613B6918462837BD4680BD80B55B
:10E0300084B000AF7860EFF30583BB60BB68002B52
:10E0400003D06FF00503FB6007E00023FB607B68F3
:10E05000002B02D0786801F029FDFB6818461037C4
:10E06000BD4680BD80B58AB002AFF860B9607A6005
:10E070000023FB61EFF305833B613B69002B75D106
:10E08000FB68002B72D0BA68FB689A426ED84FF0DA
:10E09000FF33BB617B68002B15D07B689B68002B2E
:10E0A00006D07B68DB684F2B02D90123BB610CE0F3
:10E0B0007B689B68002B08D17B68DB68002B04D150
:10E0C0000023BB6101E00023BB61BB69B3F1FF3FEB
:10E0D0004CD0FB68012B28D1BB69012B0AD17B688E
:10E0E0009B680322009200220021012000F05EFBC9
:10E0F000F86105E003220021012000F0D4FBF86163
:10E10000FB69002B22D0BB68002B1FD0002300220C
:10E110000021F86900F094FC0346012B16D0F86941
:10E1200001F032F90023FB6110E0BB69012B08D13B
:10E130007B689B681A46B968F86800F012FCF861C1
:10E1400004E0B968F86800F045FCF861FB69002B51
:10E150000CD07B68002B03D07B681B687B6101E0DF
:10E1600000237B617969F86901F05AFAFB69184666
:10E170002037BD4680BD000080B586B000AF786016
:10E1800039607B683B6100237B613B69002B03D1D5
:10E190006FF003037B6139E0EFF30583FB60FB68FD
:10E1A000002B22D03B68002B03D06FF003037B6170
:10E1B0002CE00023BB6007F108031A4600213869F0
:10E1C00001F060F80346012B03D06FF002037B617E
:10E1D0001CE0BB68002B19D00F4B4FF080521A6027
:10E1E000BFF34F8FBFF36F8F10E03968386900F0CD
:10E1F00039FF0346012B09D03B68002B03D06FF099
:10E2000001037B6102E06FF002037B617B691846CA
:10E210001837BD4680BD00BF04ED00E080B586B074
:10E2200000AF78607B683B6100237B613B69002B1A
:10E2300003D16FF003037B612CE0EFF30583FB60F8
:10E24000FB68002B1AD00023BB6007F108031946B6
:10E25000386900F095FD0346012B03D06FF00203EF
:10E260007B6117E0BB68002B14D00D4B4FF0805240
:10E270001A60BFF34F8FBFF36F8F0BE000230022B4
:10E280000021386900F0DCFB0346012B02D06FF05F
:10E2900002037B617B6918461837BD4680BD00BF0D
:10E2A00004ED00E080B58AB002AFF860B9607A6032
:10E2B0000023FB61EFF305833B613B69002B5FD1DA
:10E2C000FB68002B5CD0BB68002B59D04FF0FF33AC
:10E2D000BB617B68002B29D07B689B68002B12D028
:10E2E0007B68DB684F2B0ED97B681B69002B0AD03B
:10E2F0007B685A69FB68B96801FB03F39A4202D351
:10E300000123BB6114E07B689B68002B10D17B6804
:10E31000DB68002B0CD17B681B69002B08D17B6864
:10E320005B69002B04D10023BB6101E00023BB61CA
:10E33000BB69012B0BD17B681A697B689B68002144
:10E340000091B968F86800F031FAF86108E0BB693B
:10E35000002B05D10022B968F86800F0A4FAF86132
:10E36000FB69002B0CD07B68002B03D07B681B68FB
:10E370007B6101E000237B617969F86901F050F964
:10E38000FB6918462037BD4680BD000080B588B0C7
:10E3900000AFF860B9603B601346FB71FB68BB617E
:10E3A0000023FB61EFF305837B617B69002B28D0A1
:10E3B000BB69002B05D0BB68002B02D03B68002B4B
:10E3C00003D06FF00303FB6138E000233B6107F1EA
:10E3D00010020023B968B86900F034FC0346012B31
:10E3E00003D06FF00203FB6128E03B69002B25D0CE
:10E3F000154B4FF080521A60BFF34F8FBFF36F8FF2
:10E400001CE0BB69002B02D0BB68002B03D16FF06E
:10E410000303FB6112E000233A68B968B86900F0B1
:10E420000FFB0346012B09D03B68002B03D06FF094
:10E430000103FB6102E06FF00203FB61FB69184618
:10E440002037BD4680BD00BF04ED00E080B588B038
:10E4500000AFF860B9607A603B60FB68BB61002385
:10E46000FB61EFF305837B617B69002B28D0BB69DF
:10E47000002B05D0BB68002B02D03B68002B03D0DB
:10E480006FF00303FB6137E000233B6107F11003EA
:10E490001A46B968B86900F0F5FE0346012B03D0AF
:10E4A0006FF00203FB6127E03B69002B24D0154B82
:10E4B0004FF080521A60BFF34F8FBFF36F8F1BE096
:10E4C000BB69002B02D0BB68002B03D16FF00303A4
:10E4D000FB6111E03A68B968B86900F0E1FC0346F5
:10E4E000012B09D03B68002B03D06FF00103FB61C7
:10E4F00002E06FF00203FB61FB6918462037BD465E
:10E5000080BD00BF04ED00E080B485B000AFF860CE
:10E51000B9607A60FB68074A1A60BB68064A1A60ED
:10E520007B6880221A6000BF1437BD465DF8047B0B
:10E53000704700BFC81300207014002080B485B05D
:10E5400000AFF860B9607A60FB68074A1A60BB6880
:10E55000064A1A607B684FF480721A6000BF143755
:10E56000BD465DF8047B7047701600201817002028
:10E5700080B483B000AF78607B6803F108027B68E9
:10E580005A607B684FF0FF329A607B6803F10802A3
:10E590007B68DA607B6803F108027B681A617B683C
:10E5A00000221A6000BF0C37BD465DF8047B70473F
:10E5B00080B483B000AF78607B6800221A6100BF2E
:10E5C0000C37BD465DF8047B704780B485B000AF62
:10E5D000786039607B685B68FB603B68FA685A600A
:10E5E000FB689A683B689A60FB689B683A685A6067
:10E5F000FB683A689A603B687A681A617B681B68B6
:10E600005A1C7B681A6000BF1437BD465DF8047B56
:10E61000704780B485B000AF786039603B681B6894
:10E62000BB60BB68B3F1FF3F03D17B681B69FB6034
:10E630000CE07B680833FB6002E0FB685B68FB6012
:10E64000FB685B681B68BA689A42F6D2FB685A6836
:10E650003B685A603B685B683A689A603B68FA6856
:10E660009A60FB683A685A603B687A681A617B680E
:10E670001B685A1C7B681A6000BF1437BD465DF8E2
:10E68000047B704780B485B000AF78607B681B69FD
:10E69000FB607B685B687A6892689A607B689B68BD
:10E6A0007A6852685A60FB685B687A689A4203D15C
:10E6B0007B689A68FB685A607B6800221A61FB6875
:10E6C0001B685A1EFB681A60FB681B6818461437E3
:10E6D000BD465DF8047B704780B584B000AF7860BC
:10E6E00039607B68FB60FB68002B0BD14FF0500357
:10E6F00083F31188BFF36F8FBFF34F8FBB6000BFF1
:10E7000000BFFDE702F0E8FCFB681A68FB68DB6B02
:10E71000F968096C01FB03F31A44FB689A60FB6813
:10E7200000229A63FB681A68FB685A60FB681A68E3
:10E73000FB68DB6B013BF968096C01FB03F31A44CE
:10E74000FB68DA60FB68FF2283F84420FB68FF2245
:10E7500083F845203B68002B14D1FB681B69002B14
:10E760001AD0FB681033184601F086FC0346002BD4
:10E7700012D00D4B4FF080521A60BFF34F8FBFF392
:10E780006F8F09E0FB6810331846FFF7F1FEFB6856
:10E7900024331846FFF7ECFE02F0D0FC01231846A4
:10E7A0001037BD4680BD00BF04ED00E080B58EB0DF
:10E7B00002AFF860B9607A603B60FB68002B0BD158
:10E7C0004FF0500383F31188BFF36F8FBFF34F8F68
:10E7D000BB6200BF00BFFDE73B68002B0BD14FF0D1
:10E7E000500383F31188BFF36F8FBFF34F8F7B62AA
:10E7F00000BF00BFFDE77B68002B02D0BB68002B89
:10E8000001D0012300E00023002B0BD14FF0500377
:10E8100083F31188BFF36F8FBFF34F8F3B6200BF4D
:10E8200000BFFDE77B68002B02D1BB68002B01D144
:10E83000012300E00023002B0BD14FF0500383F3A2
:10E840001188BFF36F8FBFF34F8FFB6100BF00BF15
:10E85000FDE750237B617B69502B0BD04FF05003B9
:10E8600083F31188BFF36F8FBFF34F8FBB6100BF7E
:10E8700000BFFDE77B693B68FB62FB6A002B0DD0A4
:10E88000FB6A012283F8462097F83820FB6A009340
:10E8900013467A68B968F86800F040F8FB6A1846D1
:10E8A0003037BD4680BD80B58AB002AFF860B96030
:10E8B0001346FB71FB68002B0BD14FF0500383F321
:10E8C0001188BFF36F8FBFF34F8F3B6100BF00BF55
:10E8D000FDE7FB68BA6802FB03F3FB61FB69503399
:10E8E000184602F01BFDB861BB69002B11D0BB6953
:10E8F0007B617B6950337B61BB69002283F84620D2
:10E90000FA79BB69009313467A69B968F86800F030
:10E9100005F8BB6918462037BD4680BD80B584B078
:10E9200000AFF860B9607A60FB70BB68002B03D160
:10E93000BB69BA691A6002E0BB697A681A60BB6990
:10E94000FA68DA63BB69BA681A640121B869FFF72B
:10E95000C3FEBB69FA7883F84C2000BF1037BD4670
:10E9600080BD80B58AB002AFF860B9607A60FB689C
:10E97000002B0BD14FF0500383F31188BFF36F8F3F
:10E98000BFF34F8FBB6100BF00BFFDE7BA68FB68F4
:10E990009A420BD94FF0500383F31188BFF36F8F66
:10E9A000BFF34F8F7B6100BF00BFFDE702230093E1
:10E9B0007B6800220021F868FFF7F8FEF861FB6928
:10E9C000002B02D0FB69BA689A63FB6918462037AE
:10E9D000BD4680BD80B586B000AF786039607B6889
:10E9E000002B0BD14FF0500383F31188BFF36F8FCF
:10E9F000BFF34F8F3B6100BF00BFFDE73A687B6804
:10EA00009A420BD94FF0500383F31188BFF36F8FF5
:10EA1000BFF34F8FFB6000BF00BFFDE70222002164
:10EA20007868FFF740FF78617B69002B02D07B6933
:10EA30003A689A637B6918461837BD4680BD000066
:10EA400080B58EB000AFF860B9607A603B6000239B
:10EA50007B63FB683B633B6B002B0BD14FF0500398
:10EA600083F31188BFF36F8FBFF34F8FBB6200BF7B
:10EA700000BFFDE7BB68002B03D13B6B1B6C002B79
:10EA800001D1012300E00023002B0BD14FF05003F4
:10EA900083F31188BFF36F8FBFF34F8F7B6200BF8B
:10EAA00000BFFDE73B68022B03D13B6BDB6B012B07
:10EAB00001D1012300E00023002B0BD14FF05003C4
:10EAC00083F31188BFF36F8FBFF34F8F3B6200BF9B
:10EAD00000BFFDE701F096FC0346002B02D17B68E6
:10EAE000002B01D1012300E00023002B0BD14FF0BC
:10EAF000500383F31188BFF36F8FBFF34F8FFB6118
:10EB000000BF00BFFDE702F0E7FA3B6B9A6B3B6B7F
:10EB1000DB6B9A4202D33B68022B29D13A68B96871
:10EB2000386B00F06DFCF8623B6B5B6A002B10D019
:10EB30003B6B2433184601F09FFA0346002B13D099
:10EB40003F4B4FF080521A60BFF34F8FBFF36F8F70
:10EB50000AE0FB6A002B07D0394B4FF080521A6055
:10EB6000BFF34F8FBFF36F8F02F0E8FA012363E02A
:10EB70007B68002B03D102F0E1FA00235CE07B6BA1
:10EB8000002B06D107F11403184601F0D9FA01232E
:10EB90007B6302F0D3FA01F02FF802F09DFA3B6B91
:10EBA00093F844305BB2B3F1FF3F03D13B6B0022DB
:10EBB00083F844203B6B93F845305BB2B3F1FF3FE1
:10EBC00003D13B6B002283F8452002F0B7FA3A1DCF
:10EBD00007F114031146184601F0C8FA0346002B4A
:10EBE00024D1386B00F004FD0346002B18D03B6B9A
:10EBF00010337A681146184601F0ECF9386B00F0D2
:10EC00008FFC01F007F80346002B7FF47CAF0C4B20
:10EC10004FF080521A60BFF34F8FBFF36F8F72E7D0
:10EC2000386B00F07DFC00F0F5FF6CE7386B00F00E
:10EC300077FC00F0EFFF002318463837BD4680BD53
:10EC400004ED00E080B590B000AFF860B9607A6084
:10EC50003B60FB68BB63BB6B002B0BD14FF05003D9
:10EC600083F31188BFF36F8FBFF34F8FBB6200BF79
:10EC700000BFFDE7BB68002B03D1BB6B1B6C002BF7
:10EC800001D1012300E00023002B0BD14FF05003F2
:10EC900083F31188BFF36F8FBFF34F8F7B6200BF89
:10ECA00000BFFDE73B68022B03D1BB6BDB6B012B85
:10ECB00001D1012300E00023002B0BD14FF05003C2
:10ECC00083F31188BFF36F8FBFF34F8F3B6200BF99
:10ECD00000BFFDE702F0E0FAEFF311824FF05003BE
:10ECE00083F31188BFF36F8FBFF34F8FFA61BB615E
:10ECF000FB697B63BB6B9A6BBB6BDB6B9A4202D38A
:10ED00003B68022B2FD1BB6B93F8453087F833302B
:10ED1000BB6B9B6BFB623A68B968B86B00F070FB29
:10ED200097F93330B3F1FF3F12D1BB6B5B6A002B15
:10ED300016D0BB6B2433184601F09EF90346002B16
:10ED40000ED07B68002B0BD07B6801221A6007E095
:10ED500097F833300133DBB25AB2BB6B83F84520EE
:10ED60000123FB6301E00023FB637B6B7B617B6919
:10ED700083F3118800BFFB6B18464037BD4680BD4A
:10ED800080B58EB000AF786039607B683B633B6BC9
:10ED9000002B0BD14FF0500383F31188BFF36F8F1B
:10EDA000BFF34F8F3B6200BF00BFFDE73B6B1B6CA7
:10EDB000002B0BD04FF0500383F31188BFF36F8FFC
:10EDC000BFF34F8FFB6100BF00BFFDE73B6B1B68CC
:10EDD000002B03D13B6B9B68002B01D1012300E08A
:10EDE0000023002B0BD14FF0500383F31188BFF3A6
:10EDF0006F8FBFF34F8FBB6100BF00BFFDE702F015
:10EE00004BFAEFF311824FF0500383F31188BFF3F5
:10EE10006F8FBFF34F8F7A613B617B69FB623B6B06
:10EE20009B6BBB623B6BDB6BBA6A9A422BD23B6B30
:10EE300093F8453087F82730BB6A5A1C3B6B9A63BE
:10EE400097F92730B3F1FF3F12D13B6B5B6A002B80
:10EE500016D03B6B2433184601F00EF90346002B05
:10EE60000ED03B68002B0BD03B6801221A6007E0F4
:10EE700097F827300133DBB25AB23B6B83F8452059
:10EE800001237B6301E000237B63FB6AFB60FB687B
:10EE900083F3118800BF7B6B18463837BD4680BDB1
:10EEA00080B58CB000AFF860B9607A600023FB6277
:10EEB000FB68BB62BB6A002B0BD14FF0500383F39E
:10EEC0001188BFF36F8FBFF34F8F3B6200BF00BF4E
:10EED000FDE7BB68002B03D1BB6A1B6C002B01D183
:10EEE000012300E00023002B0BD14FF0500383F3EC
:10EEF0001188BFF36F8FBFF34F8FFB6100BF00BF5F
:10EF0000FDE701F07FFA0346002B02D17B68002B5E
:10EF100001D1012300E00023002B0BD14FF050035F
:10EF200083F31188BFF36F8FBFF34F8FBB6100BFB7
:10EF300000BFFDE702F0D0F8BB6A9B6B7B627B6A87
:10EF4000002B1FD0B968B86A00F0C4FA7B6A5A1E59
:10EF5000BB6A9A63BB6A1B69002B0FD0BB6A103374
:10EF6000184601F089F80346002B07D03C4B4FF0C0
:10EF700080521A60BFF34F8FBFF36F8F02F0DEF83D
:10EF8000012369E07B68002B03D102F0D7F800234E
:10EF900062E0FB6A002B06D107F11003184601F06E
:10EFA000CFF80123FB6202F0C9F800F025FE02F061
:10EFB00093F8BB6A93F844305BB2B3F1FF3F03D1DF
:10EFC000BB6A002283F84420BB6A93F845305BB2E9
:10EFD000B3F1FF3F03D1BB6A002283F8452002F062
:10EFE000ADF83A1D07F110031146184601F0BEF8BE
:10EFF0000346002B23D1B86A00F0E4FA0346002B45
:10F0000017D0BB6A24337A681146184600F0E2FF35
:10F01000B86A00F085FA00F0FDFD0346002B89D1A7
:10F020000F4B4FF080521A60BFF34F8FBFF36F8FBB
:10F0300080E7B86A00F074FA00F0ECFD7AE7B86A8D
:10F0400000F06EFA00F0E6FDB86A00F0BBFA034685
:10F05000002B3FF46FAF002318463037BD4680BD0C
:10F0600004ED00E080B58EB000AF78603960002319
:10F070007B637B68FB6200233B63FB6A002B0BD145
:10F080004FF0500383F31188BFF36F8FBFF34F8F9F
:10F090003B6200BF00BFFDE7FB6A1B6C002B0BD07F
:10F0A0004FF0500383F31188BFF36F8FBFF34F8F7F
:10F0B000FB6100BF00BFFDE701F0A4F90346002B90
:10F0C00002D13B68002B01D1012300E00023002B7B
:10F0D0000BD14FF0500383F31188BFF36F8FBFF351
:10F0E0004F8FBB6100BF00BFFDE701F0F5FFFB6A7A
:10F0F0009B6BBB62BB6A002B24D0BB6A5A1EFB6AA7
:10F100009A63FB6A1B68002B04D101F0F5FA0246F2
:10F11000FB6A9A60FB6A1B69002B0FD0FB6A1033F5
:10F12000184600F0A9FF0346002B07D0544B4FF0C0
:10F1300080521A60BFF34F8FBFF36F8F01F0FEFF55
:10F14000012398E03B68002B12D13B6B002B0BD0C6
:10F150004FF0500383F31188BFF36F8FBFF34F8FCE
:10F160007B6100BF00BFFDE701F0E8FF002382E004
:10F170007B6B002B06D107F10C03184600F0E0FF73
:10F1800001237B6301F0DAFF00F036FD01F0A4FFFC
:10F19000FB6A93F844305BB2B3F1FF3F03D1FB6AE3
:10F1A000002283F84420FB6A93F845305BB2B3F148
:10F1B000FF3F03D1FB6A002283F8452001F0BEFF28
:10F1C0003A4607F10C031146184600F0CFFF0346FC
:10F1D000002B32D1F86A00F0F5F90346002B26D057
:10F1E000FB6A1B68002B09D101F076FFFB6A9B6864
:10F1F000184601F025F9386301F0A0FFFB6A2433BB
:10F200003A681146184600F0E5FEF86A00F088F901
:10F2100000F000FD0346002B7FF467AF184B4FF062
:10F2200080521A60BFF34F8FBFF36F8F5DE7F86AAC
:10F2300000F076F900F0EEFC57E7F86A00F070F99C
:10F2400000F0E8FCF86A00F0BDF90346002B3FF43B
:10F250004CAF3B6B002B0DD001F03EFFF86A00F085
:10F26000B7F87862FB6A9B68796A184601F0C0F9C2
:10F2700001F064FF002318463837BD4680BD00BF4B
:10F2800004ED00E080B58EB000AFF860B9607A6040
:10F29000FB683B633B6B002B0BD14FF0500383F3B8
:10F2A0001188BFF36F8FBFF34F8F3B6200BF00BF6A
:10F2B000FDE7BB68002B03D13B6B1B6C002B01D11E
:10F2C000012300E00023002B0BD14FF0500383F308
:10F2D0001188BFF36F8FBFF34F8FFB6100BF00BF7B
:10F2E000FDE701F0D9FFEFF311824FF0500383F3F4
:10F2F0001188BFF36F8FBFF34F8FBA617B61BB691A
:10F30000FB623B6B9B6BBB62BB6A002B2FD03B6BE2
:10F3100093F8443087F82730B968386B00F0DAF892
:10F32000BB6A5A1E3B6B9A6397F92730B3F1FF3FD4
:10F3300012D13B6B1B69002B16D03B6B1033184668
:10F3400000F09AFE0346002B0ED07B68002B0BD0FA
:10F350007B6801221A6007E097F827300133DBB29F
:10F360005AB23B6B83F8442001237B6301E0002306
:10F370007B63FB6A3B613B6983F3118800BF7B6B56
:10F3800018463837BD4680BD80B584B000AF786080
:10F390007B68FB60FB68002B0BD14FF0500383F3BD
:10F3A0001188BFF36F8FBFF34F8FBB6000BF00BFEB
:10F3B000FDE7F86800F05EF9FB6893F84630002B33
:10F3C00002D1F86802F078F800BF1037BD4680BD62
:10F3D00080B485B000AF78607B685B6A002B06D094
:10F3E0007B681B6B1B68C3F13803FB6001E00023E3
:10F3F000FB60FB6818461437BD465DF8047B704718
:10F4000080B586B000AFF860B9607A6000237B6198
:10F41000FB689B6B3B61FB681B6C002B0DD1FB6891
:10F420001B68002B4DD1FB689B68184601F070F8F3
:10F430007861FB6800229A6043E07B68002B19D159
:10F44000FB685868FB681B6C1A46B96802F0DDFF60
:10F45000FB685A68FB681B6C1A44FB685A60FB68BF
:10F460005A68FB689B689A422BD3FB681A68FB6852
:10F470005A6026E0FB68D868FB681B6C1A46B968BE
:10F4800002F0C3FFFB68DA68FB681B6C5B421A443E
:10F49000FB68DA60FB68DA68FB681B689A4207D28F
:10F4A000FB689A68FB681B6C5B421A44FB68DA6075
:10F4B0007B68022B05D13B69002B02D03B69013BE5
:10F4C0003B613B695A1CFB689A637B691846183795
:10F4D000BD4680BD80B582B000AF786039607B6882
:10F4E0001B6C002B18D07B68DA687B681B6C1A4495
:10F4F0007B68DA607B68DA687B689B689A4203D332
:10F500007B681A687B68DA607B68D9687B681B6CEB
:10F510001A46386802F079FF00BF0837BD4680BD43
:10F5200080B584B000AF786001F0D6FD7B6893F8B9
:10F530004530FB7311E07B685B6A002B12D07B685F
:10F540002433184600F098FD0346002B01D000F04C
:10F5500071FEFB7B013BDBB2FB7397F90F30002B95
:10F56000E9DC00E000BF7B68FF2283F8452001F062
:10F57000E5FD01F0B1FD7B6893F84430BB7311E009
:10F580007B681B69002B12D07B681033184600F093
:10F5900073FD0346002B01D000F04CFEBB7B013B0A
:10F5A000DBB2BB7397F90E30002BE9DC00E000BF43
:10F5B0007B68FF2283F8442001F0C0FD00BF1037B4
:10F5C000BD4680BD80B584B000AF786001F084FD99
:10F5D0007B689B6B002B02D10123FB6001E00023C1
:10F5E000FB6001F0ABFDFB6818461037BD4680BDDF
:10F5F00080B584B000AF786001F06EFD7B689A6BD7
:10F600007B68DB6B9A4202D10123FB6001E000239F
:10F61000FB6001F093FDFB6818461037BD4680BDC6
:10F6200080B485B000AF786039600023FB6014E0DF
:10F630000F4AFB6852F83330002B0BD10C49FB68A2
:10F640003A6841F833200A4AFB68DB0013447A68C1
:10F650005A6006E0FB680133FB60FB68072BE7D9C3
:10F6600000BF00BF1437BD465DF8047B704700BF84
:10F67000181B002080B485B000AF78600023FB60C9
:10F6800016E0104AFB68DB0013445B687A689A4214
:10F690000BD10C4AFB68002142F83310094AFB6881
:10F6A000DB00134400225A6006E0FB680133FB6074
:10F6B000FB68072BE5D900BF00BF1437BD465DF8D6
:10F6C000047B7047181B002080B586B000AFF8603F
:10F6D000B9607A60FB687B6101F0FEFC7B6993F89E
:10F6E00044305BB2B3F1FF3F03D17B69002283F862
:10F6F00044207B6993F845305BB2B3F1FF3F03D1FF
:10F700007B69002283F8452001F018FD7B699B6B23
:10F71000002B06D17B6924337A68B968184600F05B
:10F720007FFC7869FFF7FCFE00BF1837BD4680BD3F
:10F7300080B58EB004AFF860B9607A603B607B6BD7
:10F74000002B0BD14FF0500383F31188BFF36F8F61
:10F75000BFF34F8F3B6200BF00BFFDE7BB6B002BC9
:10F760000BD14FF0500383F31188BFF36F8FBFF3BA
:10F770004F8FFB6100BF00BFFDE7A8233B613B69E2
:10F78000A82B0BD04FF0500383F31188BFF36F8F7A
:10F79000BFF34F8FBB6100BF00BFFDE73B69BB6B91
:10F7A000002B1ED07B6B002B1BD0BB6B7B627B6A5C
:10F7B0007A6B1A637B6A022283F8A52000230393E5
:10F7C0007B6A029307F1140301933B6B00933B6840
:10F7D0007A68B968F86800F051F8786A00F0F6F8CD
:10F7E00001E000237B617B6918462837BD4680BD58
:10F7F00080B58CB004AFF860B9603B601346FB8005
:10F80000FB889B00184601F089FD78617B69002B1D
:10F810000ED0A82001F082FDF861FB69002B03D017
:10F82000FB697A691A6305E0786901F045FE01E039
:10F830000023FB61FB69002B17D0FB69002283F8D2
:10F84000A520FA8800230393FB690293FB6A0193C6
:10F85000BB6A00933B68B968F86800F00FF8F86974
:10F8600000F0B4F80123BB6102E04FF0FF33BB614D
:10F87000BB6918462037BD4680BD000080B588B002
:10F8800000AFF860B9607A603B603B6B186B7B68D7
:10F890009B001A46A52102F0D0FC3B6B1A6B7B68DB
:10F8A00003F18043013B9B001344BB61BB6923F020
:10F8B0000703BB61BB6903F00703002B0BD04FF0BC
:10F8C000500383F31188BFF36F8FBFF34F8F7B61BA
:10F8D00000BF00BFFDE7BB68002B1FD00023FB610A
:10F8E00012E0BA68FB69134419783A6BFB69134458
:10F8F00034330A461A70BA68FB6913441B78002B2C
:10F9000006D0FB690133FB61FB690F2BE9D900E0ED
:10F9100000BF3B6B002283F8432003E03B6B0022D7
:10F9200083F83420BB6A372B01D93723BB623B6B8A
:10F93000BA6ADA623B6BBA6ADA643B6B00221A6518
:10F940003B6B04331846FEF733FE3B6B1833184607
:10F95000FEF72EFE3B6B3A6B1A61BB6AC3F13802AD
:10F960003B6B9A613B6B3A6B5A623B6B0022C3F86C
:10F97000A0203B6B002283F8A4203B6B54334C2225
:10F980000021184602F059FC3B6B0D4A9A653B6B0F
:10F990000C4ADA653B6B0C4A1A663A68F968B86932
:10F9A00001F06CFA02463B6B1A60FB6A002B02D036
:10F9B000FB6A3A6B1A6000BF2037BD4680BD00BFAE
:10F9C000ACA1002014A200207CA2002080B582B04F
:10F9D00000AF786001F080FB2D4B1B6801332C4A8F
:10F9E00013602C4B1B68002B09D12A4A7B681360DB
:10F9F000274B1B68012B10D100F040FC0DE0264B7B
:10FA00001B68002B09D1234B1B68DA6A7B68DB6A11
:10FA10009A4202D81F4A7B681360204B1B6801334F
:10FA20001E4A13601D4B1A687B685A647B68DA6A49
:10FA30001B4B1B689A4203D97B68DB6A184A136028
:10FA40007B68DA6A13469B0013449B00154A1A44EC
:10FA50007B68043319461046FEF7B7FD01F06EFBD4
:10FA60000D4B1B68002B0ED00A4B1B68DA6A7B68B3
:10FA7000DB6A9A4207D20C4B4FF080521A60BFF3F8
:10FA80004F8FBFF36F8F00BF0837BD4680BD00BFEB
:10FA90002C200020581B0020382000204820002067
:10FAA000342000205C1B002004ED00E080B584B011
:10FAB00000AF78600023FB607B68002B18D0144BEC
:10FAC0001B68002B0BD04FF0500383F31188BFF35A
:10FAD0006F8FBFF34F8FBB6000BF00BFFDE700F02B
:10FAE0008BF80021786800F01BFE00F093F8F860B6
:10FAF000FB68002B07D1074B4FF080521A60BFF311
:10FB00004F8FBFF36F8F00BF1037BD4680BD00BF62
:10FB10005420002004ED00E080B58AB004AF00233B
:10FB2000BB6000237B603A46391D07F10803184685
:10FB3000FEF7EAFC39687B68BA68029201930023F9
:10FB4000009300230A4624492448FFF7F1FD0346A9
:10FB5000234A1360224B1B68002B02D001237B61D8
:10FB600001E000237B617B69012B02D100F02CFEB8
:10FB700078617B69012B1BD14FF0500383F311880F
:10FB8000BFF36F8FBFF34F8F3B6100BF154B1B68F7
:10FB90005433154A1360154B4FF0FF321A60144B63
:10FBA00001221A60134B00221A6001F0F1F90FE0F4
:10FBB0007B69B3F1FF3F0BD14FF0500383F3118802
:10FBC000BFF36F8FBFF34F8FFB6000BF00BFFDE738
:10FBD00000BF1837BD4680BD845501084D0201089D
:10FBE00050200020581B0020580200204C200020EC
:10FBF000382000203020002080B400AF044B1B6868
:10FC00000133034A136000BFBD465DF8047B7047B3
:10FC10005420002080B584B000AF0023FB60002397
:10FC2000BB60424B1B68002B0BD14FF0500383F39A
:10FC30001188BFF36F8FBFF34F8F3B6000BF00BFD2
:10FC4000FDE701F049FA394B1B68013B374A136065
:10FC5000364B1B68002B62D1354B1B68002B5ED0E6
:10FC60002FE0344BDB68DB68FB60FB681833184619
:10FC7000FEF708FDFB6804331846FEF703FDFB683A
:10FC8000DA6A2D4B1B689A4203D9FB68DB6A2A4A61
:10FC90001360FB68DA6A13469B0013449B00274AF3
:10FCA0001A44FB68043319461046FEF78EFCFB68C5
:10FCB000DA6A234B1B68DB6A9A4202D3214B01228A
:10FCC0001A601C4B1B68002BCBD1FB68002B01D0AA
:10FCD00000F078FB1C4B1B687B607B68002B10D00E
:10FCE00000F058F80346002B02D0164B01221A6090
:10FCF0007B68013B7B607B68002BF1D1124B0022BB
:10FD00001A60104B1B68002B09D00123BB600F4BFE
:10FD10004FF080521A60BFF34F8FBFF36F8F01F027
:10FD20000DFABB6818461037BD4680BD5420002030
:10FD30002C200020EC1F0020342000205C1B002021
:10FD4000581B0020402000203C20002004ED00E053
:10FD500080B483B000AF054B1B687B607B6818469E
:10FD60000C37BD465DF8047B704700BF3020002093
:10FD700080B582B000AF01F08FFA00237B60044BA6
:10FD80001B683B603B6818460837BD4680BD00BF16
:10FD90003020002080B586B000AF00237B614F4B40
:10FDA0001B68002B40F090804D4B1B6801333B617A
:10FDB0004B4A3B6913603B69002B21D1494B1B68BF
:10FDC0001B68002B0BD04FF0500383F31188BFF357
:10FDD0006F8FBFF34F8F3B6000BF00BFFDE7414B0C
:10FDE0001B68FB60404B1B683E4A13603E4AFB6841
:10FDF00013603E4B1B6801333C4A136000F0E2FA8B
:10FE00003B4B1B683A699A4249D3364B1B681B68C7
:10FE1000002B04D1364B4FF0FF321A603FE0314BDC
:10FE20001B68DB68DB68BB60BB685B687B603A694A
:10FE30007B689A4203D22E4A7B6813602FE0BB682E
:10FE400004331846FEF71EFCBB689B6A002B04D0E7
:10FE5000BB6818331846FEF715FCBB68DA6A254BF9
:10FE60001B689A4203D9BB68DB6A224A1360BB68ED
:10FE7000DA6A13469B0013449B001F4A1A44BB686E
:10FE8000043319461046FEF7A0FBBB68DA6A1B4B29
:10FE90001B68DB6A9A42B8D301237B61B5E7174B35
:10FEA0001B68DA6A144913469B0013449B000B44F9
:10FEB0001B68012B01D901237B61114B1B68002BAF
:10FEC00007D001237B6104E00E4B1B6801330D4A10
:10FED00013607B6918461837BD4680BD542000204A
:10FEE00030200020E41F0020E81F002044200020D4
:10FEF0004C200020342000205C1B0020581B0020D8
:10FF0000402000203C20002080B485B000AF2B4B67
:10FF10001B68002B03D02A4B01221A6047E0284BB4
:10FF200000221A60274B1B68FB6011E0FB68002B66
:10FF30000BD14FF0500383F31188BFF36F8FBFF3E2
:10FF40004F8F7B6000BF00BFFDE7FB68013BFB609C
:10FF50001D49FA6813469B0013449B000B441B6821
:10FF6000002BE3D0FA6813469B0013449B00164A0B
:10FF70001344BB60BB685B685A68BB685A60BB6867
:10FF80005A68BB6808339A4204D1BB685B685A68F8
:10FF9000BB685A60BB685B68DB680C4A1360094A3F
:10FFA000FB681360094B1B685433094A136000BF98
:10FFB0001437BD465DF8047B704700BF5420002015
:10FFC00040200020342000205C1B0020581B002013
:10FFD0005802002080B584B000AF786039607B683B
:10FFE000002B0BD14FF0500383F31188BFF36F8FB9
:10FFF000BFF34F8FFB6000BF00BFFDE7074B1B68DF
:020000040801F1
:10000000183319467868FEF704FB0121386800F0C0
:1000100087FB00BF1037BD4680BD00BF581B0020C6
:1000200080B586B000AFF860B9607A60FB68002BDD
:100030000BD14FF0500383F31188BFF36F8FBFF3E1
:100040004F8F7B6100BF00BFFDE70A4B1B68183371
:100050001946F868FEF7B9FA7B68002B02D04FF01A
:10006000FF33BB607968B86800F05AFB00BF1837EF
:10007000BD4680BD581B002080B586B000AF7860BB
:100080007B68DB68DB683B613B69002B0BD14FF081
:10009000500383F31188BFF36F8FBFF34F8FFB6063
:1000A00000BF00BFFDE73B6918331846FEF7EAFAC8
:1000B0001D4B1B68002B1DD13B6904331846FEF70E
:1000C000E1FA3B69DA6A194B1B689A4203D93B692A
:1000D000DB6A164A13603B69DA6A13469B001344D5
:1000E0009B00134A1A443B69043319461046FEF735
:1000F0006CFA05E03B69183319460E48FEF765FABD
:100100003B69DA6A0C4B1B68DB6A9A4205D901230A
:100110007B610A4B01221A6001E000237B617B694D
:1001200018461837BD4680BD5420002034200020DA
:100130005C1B0020EC1F0020581B002040200020EA
:1001400080B483B000AF7860064B1A687B681A6091
:10015000054B1A687B685A6000BF0C37BD465DF8D6
:10016000047B7047442000203020002080B588B0F8
:1001700000AF786039607B68002B0BD14FF05003E3
:1001800083F31188BFF36F8FBFF34F8F3B6100BFC5
:1001900000BFFDE73B68002B0BD14FF0500383F30A
:1001A0001188BFF36F8FBFF34F8FFB6000BF00BF9D
:1001B000FDE700F091FF1D4B1B68BB617B685B682E
:1001C000BA69D31A7B613B681B68B3F1FF3F02D168
:1001D0000023FB6123E07B681A68154B1B689A4279
:1001E00007D07B685B68BA699A4202D30123FB613E
:1001F00015E03B681B687A699A420BD23B681A6823
:100200007B69D21A3B681A607868FFF799FF002370
:10021000FB6104E03B6800221A600123FB6100F0EF
:100220008DFFFB6918462037BD4680BD3020002079
:100230004420002080B400AF034B01221A6000BFAD
:10024000BD465DF8047B70474020002080B582B039
:1002500000AF786000F052F8064B1B68012BF9D90B
:10026000054B4FF080521A60BFF34F8FBFF36F8F73
:10027000F0E700BF5C1B002004ED00E080B582B019
:1002800000AF00237B600CE07A6813469B001344A8
:100290009B00124A13441846FEF76AF97B68013343
:1002A0007B607B68372BEFD90D48FEF761F90D486D
:1002B000FEF75EF90C48FEF75BF90C48FEF758F9BB
:1002C0000B48FEF755F90B4B054A1A600A4B054AD5
:1002D0001A6000BF0837BD4680BD00BF5C1B002010
:1002E000BC1F0020D01F0020EC1F00200020002099
:1002F00018200020E41F0020E81F002080B582B0F5
:1003000000AF19E000F0E8FE104BDB68DB687B60B3
:100310007B6804331846FEF7B5F90D4B1B68013BAB
:100320000B4A13600B4B1B68013B0A4A136000F039
:1003300005FF786800F010F8064B1B68002BE1D130
:1003400000BF00BF0837BD4680BD00BF00200020B1
:100350002C2000201420002080B584B000AF7860ED
:100360007B685433184601F097FF7B6893F8A530FB
:10037000002B08D17B681B6B184601F09DF878684C
:1003800001F09AF819E07B6893F8A530012B03D1AE
:10039000786801F091F810E07B6893F8A530022BA3
:1003A0000BD04FF0500383F31188BFF36F8FBFF36F
:1003B0004F8FFB6000BF00BFFDE700BF1037BD4699
:1003C00080BD000080B483B000AF0C4B1B681B687D
:1003D000002B04D10A4B4FF0FF321A6008E0074BA4
:1003E0001B68DB68DB687B607B685B68044A1360C2
:1003F00000BF0C37BD465DF8047B7047E41F00204A
:100400004C20002080B483B000AF0B4B1B68002B46
:1004100002D101237B6008E0084B1B68002B02D14E
:1004200002237B6001E000237B607B6818460C3769
:10043000BD465DF8047B7047382000205420002022
:1004400080B584B000AF78607B68BB600023FB6040
:100450007B68002B51D0BB68DA6A2A4B1B68DB6AC9
:100460009A4241D2BB689B69002B06DB254B1B6877
:10047000DB6AC3F13802BB689A61BB685969BB6823
:10048000DA6A13469B0013449B001F4A13449942A7
:1004900022D1BB6804331846FEF7F4F8194B1B68E9
:1004A000DA6ABB68DA62BB68DA6A184B1B689A4280
:1004B00003D9BB68DB6A154A1360BB68DA6A134666
:1004C0009B0013449B00104A1A44BB68043319462E
:1004D0001046FEF77AF804E00A4B1B68DA6ABB683C
:1004E000DA620123FB6008E0BB68DA6C054B1B682D
:1004F000DB6A9A4201D20123FB60FB681846103781
:10050000BD4680BD581B00205C1B0020342000200D
:1005100080B586B000AF78607B683B6100237B616B
:100520007B68002B58D02F4B1B683A699A420BD03E
:100530004FF0500383F31188BFF36F8FBFF34F8FDA
:10054000FB6000BF00BFFDE73B691B6D002B0BD1BB
:100550004FF0500383F31188BFF36F8FBFF34F8FBA
:10056000BB6000BF00BFFDE73B691B6D5A1E3B69C6
:100570001A653B69DA6A3B69DB6C9A422CD03B69AD
:100580001B6D002B28D13B6904331846FEF77AF81F
:100590003B69DA6C3B69DA623B69DB6AC3F13802BA
:1005A0003B699A613B69DA6A0F4B1B689A4203D92F
:1005B0003B69DB6A0C4A13603B69DA6A13469B00AD
:1005C00013449B00094A1A443B69043319461046F8
:1005D000FDF7FBFF01237B617B6918461837BD4699
:1005E00080BD00BF581B0020342000205C1B002071
:1005F00080B588B000AF786039607B68BB6101234B
:100600007B617B68002B6CD0BB691B6D002B0BD111
:100610004FF0500383F31188BFF36F8FBFF34F8FF9
:10062000FB6000BF00BFFDE7BB69DB6C3A689A4224
:1006300002D93B68FB6102E0BB69DB6CFB61BB6913
:10064000DB6AFA699A424CD0BB691B6D7A699A429F
:1006500047D1264B1B68BA699A420BD14FF0500321
:1006600083F31188BFF36F8FBFF34F8FBB6000BF61
:1006700000BFFDE7BB69DB6A3B61BB69FA69DA620F
:10068000BB699B69002B04DBFB69C3F13802BB69C2
:100690009A61BB6959693A6913469B0013449B00F0
:1006A000134A134499421CD1BB6904331846FDF721
:1006B000E9FFBB69DA6A0F4B1B689A4203D9BB6931
:1006C000DB6A0C4A1360BB69DA6A13469B00134469
:1006D0009B00074A1A44BB69043319461046FDF7CC
:1006E00074FF00BF2037BD4680BD00BF581B0020EF
:1006F0005C1B00203420002080B400AF074B1B6837
:10070000002B04D0054B1B681A6D01321A65034B90
:100710001B681846BD465DF8047B7047581B0020D7
:1007200080B584B000AF78603960214B1B68FB60F6
:10073000204B1B6804331846FDF7A4FF7B68B3F118
:10074000FF3F0AD13B68002B07D01A4B1B680433CC
:1007500019461948FDF739FF26E0FA687B6813440B
:10076000BB60144B1B68BA685A60BA68FB689A424F
:1007700009D2124B1A680F4B1B68043319461046F6
:10078000FDF747FF10E00E4B1A680A4B1B68043355
:1007900019461046FDF73DFF0A4B1B68BA689A429E
:1007A00002D2084ABB68136000BF1037BD4680BD47
:1007B00030200020581B002018200020E81F0020B7
:1007C000E41F00204C20002080B58AB004AF002335
:1007D0007B6100F013FB1D4B1B68002B21D0002315
:1007E000FB600023BB603A1D07F1080107F10C0311
:1007F0001846FDF7A3FE7968BB68FA680292019378
:100800000223009300230A4611491248FEF790FF85
:100810000346114A1360104B1B68002B01D00123C3
:100820007B617B69002B0BD14FF0500383F3118860
:10083000BFF36F8FBFF34F8F3B6100BF00BFFDE77A
:100840007B6918461837BD4680BD00BF8820002050
:100850008C550108950901088C20002080B58AB0CC
:1008600000AFF860B9607A603B6000237B62FB6890
:10087000002B0BD14FF0500383F31188BFF36F8F20
:10088000BFF34F8F3B6200BF00BFFDE7194B1B68F2
:10089000002B2AD0BB683B617B687B61FB68BB6136
:1008A000BB68052B18DCFFF7ADFD0346022B09D111
:1008B000104B186807F1100100233A6BFEF7C0F8DF
:1008C000786212E00B4B186807F110010023002238
:1008D000FEF7B6F8786208E0064B186807F11001D9
:1008E00000233A68FEF7AEF978627B6A184628372B
:1008F000BD4680BD8820002080B588B002AF7860FA
:100900003960234B1B68DB68DB687B617B690433E0
:100910001846FDF7B7FE7B6993F8283003F004030F
:10092000002B23D07B699A697B68D1187B683A6871
:10093000786900F0D5F80346002B20D000230093FF
:1009400000237A6800217869FFF788FF38613B69E6
:10095000002B14D14FF0500383F31188BFF36F8F36
:10096000BFF34F8FFB6000BF00BFFDE77B6993F8CB
:10097000283023F00103DAB27B6983F828207B69F1
:100980001B6A7869984700BF1837BD4680BD00BF15
:100990008020002080B584B000AF786007F10803A4
:1009A000184600F059F8F860BB681946F86800F07E
:1009B00005F800F0D7F800BFF0E7000080B584B07C
:1009C00000AF78603960FFF717F907F108031846A0
:1009D00000F066F8F860BB68002B30D13B68002B54
:1009E0000AD17A68FB689A4206D8FFF713F9F968CA
:1009F0007868FFF781FF24E03B68002B08D0134B99
:100A00001B681B68002B01D1012300E000233B6021
:100A10000F4B18687A68FB68D31A3A681946FEF7D4
:100A200053FEFFF7F7F80346002B0AD1094B4FF0AE
:100A300080521A60BFF34F8FBFF36F8F01E0FFF753
:100A4000E9F800BF1037BD4680BD00BF84200020FC
:100A50008820002004ED00E080B485B000AF78600D
:100A60000E4B1B681B68002B01D1012200E0002205
:100A70007B681A607B681B68002B05D1074B1B68DD
:100A8000DB681B68FB6001E00023FB60FB68184625
:100A90001437BD465DF8047B704700BF80200020FE
:100AA00080B584B000AF7860FFF752F9F8600B4B67
:100AB0001B68FA689A4205D200F03AF97B68012275
:100AC0001A6002E07B6800221A60044AFB68136027
:100AD000FB6818461037BD4680BD00BF902000203F
:100AE00080B586B000AFF860B9607A603B600023E3
:100AF0007B61FB68BA685A60FB68FA681A61BA6879
:100B00007B689A4212D87A683B68D21AFB689B6964
:100B10009A4202D301237B611BE0104B1A68FB68E9
:100B2000043319461046FDF774FD12E07A683B68FD
:100B30009A4206D2BA683B689A4202D301237B618B
:100B400007E0074B1A68FB68043319461046FDF7A7
:100B500060FD7B6918461837BD4680BD84200020A3
:100B60008020002080B58EB002AFCEE07B68002BE5
:100B700019DA3B1D0433FB62FB6A002B0BD14FF0EB
:100B8000500383F31188BFF36F8FBFF34F8FFB6167
:100B900000BF00BFFDE7FB6A1B68FA6A5068FA6A8B
:100BA0009268114698477B68002BC0F2AE80FB68C4
:100BB000BB62BB6A5B69002B04D0BB6A0433184676
:100BC000FDF760FD3B461846FFF76AFF78627B68D9
:100BD000092B00F2978001A252F823F0050C0108BE
:100BE000050C0108050C01087B0C01088F0C01089D
:100BF000DB0C0108050C0108050C01087B0C010841
:100C00008F0C0108BB6A93F8283043F00103DAB275
:100C1000BB6A83F82820BA68BB6A9B69D118BB6895
:100C20007A6AB86AFFF75CFF0346002B6CD0BB6A98
:100C30001B6AB86A9847BB6A93F8283003F004032C
:100C4000002B61D0BA68BB6A9B691A4400230093E9
:100C500000230021B86AFFF701FE38623B6A002BCF
:100C600052D14FF0500383F31188BFF36F8FBFF35E
:100C70004F8FBB6100BF00BFFDE7BB6A93F8283010
:100C800023F00103DAB2BB6A83F828203DE0BB6A97
:100C900093F8283043F00103DAB2BB6A83F82820C6
:100CA000BA68BB6A9A61BB6A9B69002B0BD14FF093
:100CB000500383F31188BFF36F8FBFF34F8F7B61B6
:100CC00000BF00BFFDE7BB6A9A697B6AD1187B6AE7
:100CD0007A6AB86AFFF704FF17E0BB6A93F8283016
:100CE00003F00203002B03D1B86A00F0E5FB0CE02F
:100CF000BB6A93F8283023F00103DAB2BB6A83F8A9
:100D0000282002E000BF00E000BF084B1B68391D2F
:100D100000221846FEF7C4F80346002B7FF426AFE6
:100D200000BF00BF3037BD4680BD00BF8820002017
:100D300080B588B002AF49E02E4B1B68DB681B68AA
:100D40003B612C4B1B68DB68DB68FB60FB68043392
:100D50001846FDF797FCFB681B6AF8689847FB6824
:100D600093F8283003F00403002B2FD0FB689B6915
:100D70003A691344BB60BA683B699A420ED9FB6872
:100D8000BA685A60FB68FA681A611A4B1A68FB68FD
:100D9000043319461046FDF73CFC17E0002300938E
:100DA00000233A690021F868FFF758FD78607B68F6
:100DB000002B0BD14FF0500383F31188BFF36F8FDB
:100DC000BFF34F8F3B6000BF00BFFDE7094B1B68BF
:100DD0001B68002BB0D1074B1B687B61064B1B685F
:100DE000044A1360044A7B69136000BF1837BD468C
:100DF00080BD00BF802000208420002080B582B00C
:100E000002AF00F069F9154B1B68002B20D1144884
:100E1000FDF7AEFB1348FDF7ABFB134B104A1A600E
:100E2000124B104A1A6000230093114B114A1021F3
:100E30000A20FDF7BBFC0346084A1360074B1B68FA
:100E4000002B05D0054B1B680B491846FEF7E8FB45
:100E500000F074F900BFBD4680BD00BF88200020AF
:100E6000582000206C2000208020002084200020BA
:100E700034210020942000209455010880B485B0CE
:100E800000AFF860B9607A60FB68043BFB60FB6808
:100E90004FF080721A60FB68043BFB60BB6823F074
:100EA0000102FB681A60FB68043BFB600C4AFB68AC
:100EB0001A60FB68143BFB607A68FB681A60FB6889
:100EC000043BFB60FB686FF002021A60FB68203B8A
:100ED000FB60FB6818461437BD465DF8047B70471D
:100EE000E50E010880B485B000AF00237B60134B92
:100EF0001B68B3F1FF3F0BD04FF0500383F3118811
:100F0000BFF36F8FBFF34F8FFB6000BF00BFFDE7E4
:100F10004FF0500383F31188BFF36F8FBFF34F8FF0
:100F2000BB6000BF00BF7B68002BFCD000BF00BFD0
:100F30001437BD465DF8047B704700BF48020020AF
:100F4000074B19680868B0E8F04F80F30988BFF3D1
:100F50006F8F4FF0000080F311887047AFF300806F
:100F6000581B002000BF00BF08480068006880F3DD
:100F700008884FF0000080F3148862B661B6BFF3B2
:100F80004F8FBFF36F8F00DF00BF00BF08ED00E0A1
:100F900080B586B000AF474B1B68474A93420BD1E0
:100FA0004FF0500383F31188BFF36F8FBFF34F8F60
:100FB0003B6100BF00BFFDE73E4B1B683F4A9342C9
:100FC0000BD14FF0500383F31188BFF36F8FBFF342
:100FD0004F8FFB6000BF00BFFDE7394B7B617B6932
:100FE0001B78DBB27B607B69FF221A707B691B7800
:100FF000DBB2FB70FB78DBB203F05003DAB2314BAB
:101000001A70314B07221A6009E02F4B1B68013B15
:101010002D4A1360FB78DBB25B00DBB2FB70FB7820
:10102000DBB203F08003802BEFD0274B1B68C3F1AA
:101030000703042B0BD04FF0500383F31188BFF349
:101040006F8FBFF34F8FBB6000BF00BFFDE71E4B2C
:101050001B681B021C4A13601B4B1B6803F4E063F4
:10106000194A13607B68DAB27B691A70174B1B68E8
:10107000164A43F470031360144B1B68134A43F081
:101080007043136000F0DAF8114B00221A6000F090
:10109000F9F8104B1B680F4A43F040431360FFF709
:1010A00063FFFEF731FFFFF71DFF002318461837D7
:1010B000BD4680BD00ED00E071C20F4170C20F411E
:1010C00000E400E0842100208821002020ED00E0E1
:1010D0004802002034EF00E080B483B000AF4FF04E
:1010E000500383F31188BFF36F8FBFF34F8F7B6083
:1010F00000BF104B1B6801330E4A13600D4B1B6879
:10110000012B10D10C4B1B68DBB2002B0BD04FF026
:10111000500383F31188BFF36F8FBFF34F8F3B6092
:1011200000BF00BFFDE700BF0C37BD465DF8047B84
:10113000704700BF4802002004ED00E080B483B097
:1011400000AF124B1B68002B0BD14FF0500383F301
:101150001188BFF36F8FBFF34F8F7B6000BF00BF5D
:10116000FDE70A4B1B68013B084A1360074B1B68ED
:10117000002B05D100233B603B6883F3118800BF3F
:1011800000BF0C37BD465DF8047B70474802002065
:10119000EFF30980BFF36F8F154B1A681EF0100F25
:1011A00008BF20ED108A20E9F04F10602DE90900FA
:1011B0004FF0500080F31188BFF34F8FBFF36F8F54
:1011C000FEF7A2FE4FF0000080F3118809BC1968F9
:1011D0000868B0E8F04F1EF0100F08BFB0EC108A9E
:1011E00080F30988BFF36F8F704700BFAFF30080B3
:1011F000581B002000BF00BF80B582B000AF4FF089
:10120000500383F31188BFF36F8FBFF34F8F7B6061
:1012100000BFFEF7BFFD0346002B03D0064B4FF087
:1012200080521A6000233B603B6883F3118800BF43
:1012300000BF0837BD4680BD04ED00E080B400AFBC
:101240000B4B00221A600B4B00221A600A4B1B68E2
:101250000A4AA2FB03239B09094A013B1360044B82
:1012600007221A6000BFBD465DF8047B704700BFCF
:1012700010E000E018E000E03C020020D34D6210D6
:1012800014E000E0DFF80C00016841F47001016037
:10129000704700BF88ED00E080B485B000AFEFF389
:1012A0000583FB60FB680F2B15D9184AFB681344B4
:1012B0001B78FB72164B1B78FA7A9A420BD24FF0CE
:1012C000500383F31188BFF36F8FBFF34F8F7B60A1
:1012D00000BF00BFFDE70F4B1B6803F4E0620E4B3D
:1012E0001B689A420BD94FF0500383F31188BFF368
:1012F0006F8FBFF34F8F3B6000BF00BFFDE700BFA4
:101300001437BD465DF8047B704700BFF0E300E092
:10131000842100200CED00E08821002080B58AB0F7
:1013200000AF78600023FB61FEF766FC5C4B1B6836
:10133000002B01D100F024F95A4B1A687B68134046
:10134000002B40F095807B68002B1ED008227B6824
:1013500013447B607B6803F00703002B15D07B6888
:1013600023F0070308337B607B6803F00703002B3F
:101370000BD04FF0500383F31188BFF36F8FBFF38F
:101380004F8F7B6100BF00BFFDE77B68002B6FD0F4
:10139000454B1B687A689A426AD8444B3B62434B80
:1013A0001B687B6204E07B6A3B627B6A1B687B6232
:1013B0007B6A5B687A689A4203D97B6A1B68002B58
:1013C000F1D1374B1B687A6A9A4251D03B6A1B684D
:1013D00008221344FB617B6A1A683B6A1A607B6AC5
:1013E0005A687B68D21A08235B009A4220D97A6A2D
:1013F0007B681344BB61BB6903F00703002B0BD070
:101400004FF0500383F31188BFF36F8FBFF34F8FFB
:101410003B6100BF00BFFDE77B6A5A687B68D21A58
:10142000BB695A607B6A7A685A60B86900F00AF949
:101430001D4B1A687B6A5B68D31A1B4A13601A4BF0
:101440001A681B4B1B689A4203D2174B1B68184A39
:1014500013607B6A5A68134B1B681A437B6A5A6095
:101460007B6A00221A60134B1B680133114A136018
:10147000FEF7D0FBFB6903F00703002B0BD04FF006
:10148000500383F31188BFF36F8FBFF34F8FFB605F
:1014900000BF00BFFDE7FB6918462837BD4680BD89
:1014A00094A10020A8A1002098A100208CA10020D8
:1014B0009CA10020A0A1002080B586B000AF78607C
:1014C0007B687B617B68002B4FD008235B427A6985
:1014D00013447B617B693B613B695A68254B1B6800
:1014E0001340002B0BD14FF0500383F31188BFF34F
:1014F0006F8FBFF34F8FFB6000BF00BFFDE73B69FD
:101500001B68002B0BD04FF0500383F31188BFF3FF
:101510006F8FBFF34F8FBB6000BF00BFFDE73B691C
:101520005A68144B1B681340002B1ED03B691B6884
:10153000002B1AD13B695A680E4B1B68DB431A40DB
:101540003B695A60FEF758FB3B695A680A4B1B68B7
:101550001344094A1360386900F074F8074B1B689C
:101560000133064A1360FEF755FB00BF1837BD462E
:1015700080BD00BFA8A1002098A10020A4A1002048
:1015800080B485B000AF4FF40043BB60274BFB60D5
:10159000FB6803F00703002B0CD0FB680733FB60EC
:1015A000FB6823F00703FB60BA68FB68D31A1F4A85
:1015B0001344BB60FB687B601D4A7B6813601C4B57
:1015C00000225A607B68BA681344FB600822FB68FB
:1015D0009B1AFB60FB6823F00703FB60FB68154A5E
:1015E0001360144B1B6800225A60124B1B680022C8
:1015F0001A607B683B603B68FA68D21A3B685A60A5
:101600000C4B1A683B681A603B685B680A4A1360B7
:101610003B685B68094A1360094B4FF000421A604F
:1016200000BF1437BD465DF8047B70478C21002055
:101630008CA1002094A100209CA1002098A1002052
:10164000A8A1002080B485B000AF7860284BFB6073
:1016500002E0FB681B68FB60FB681B687A689A42C3
:10166000F7D8FB68BB60FB685B68BA6813447A68AC
:101670009A4208D1FB685A687B685B681A44FB6829
:101680005A60FB687B607B68BB607B685B68BA689C
:101690001A44FB681B689A4218D1FB681A68154BFC
:1016A0001B689A420DD07B685A68FB681B685B68B0
:1016B0001A447B685A60FB681B681A687B681A606A
:1016C00008E00C4B1A687B681A6003E0FB681A6834
:1016D0007B681A60FA687B689A4202D0FB687A6875
:1016E0001A6000BF1437BD465DF8047B704700BF29
:1016F0008CA1002094A100202DE9FF4757EC106B2E
:10170000002F0C4619463B46BBBF07F100431F465E
:1017100000232D230B700D9BDDF830A0914623F0A4
:101720002008BCBF32461646B8F1460F05D0B8F1C6
:10173000450F00D10134022100E0032103AB0193E6
:1017400002AB009347EC106B5346224600F0F4FEC8
:10175000B8F1470F054619D119F0010F0ED000EB73
:1017600004090022002330463946EFF7ADF908B1ED
:10177000CDF80C903022039B4B451ED3039B0E9A51
:101780005B1B2846136004B0BDE8F087B8F1460F34
:1017900000EB0409E5D10378302B0AD100220023A5
:1017A00030463946EFF790F918B9C4F10104CAF888
:1017B0000040DAF800309944D3E7591C03911A70BD
:1017C000D9E7F7B50029BABF49422D232B230929B0
:1017D0000270437029DD0DF107031D460A271A46E2
:1017E000B1FBF7F607FB1614303402F8014C0C4637
:1017F000632C03F1FF333146F1DC3031941E03F8E2
:10180000011C411C2346AB420AD30DF109039B1A6C
:10181000AC4288BF002302330344181A03B0F0BD62
:1018200013F8016B01F8016FEDE73023303183705D
:10183000C170031DF1E700002DE9F04F8DB00C469B
:10184000DDF8588016461F46054600F011FD036876
:1018500004931846EEF70CFD00230A93D8F80030E5
:101860000590073323F0070303F1080294F818A04A
:10187000D4F800B0C8F80020D3E9008929F000436B
:101880000793CDF81880C4E91289DDE906019C4B65
:101890004FF0FF32EFF74AF970BBDDE90601984BD4
:1018A0004FF0FF32EFF724F930BB0022002340460F
:1018B0004946EFF713F910B12D2384F84330914ACC
:1018C000914BBAF1470F94BF90469846032323618A
:1018D0002BF0040323604FF00009009733460BAA56
:1018E0002146284600F0D2F9013040F08D804FF0BB
:1018F000FF300DB0BDE8F08F42464B4640464946AA
:10190000EFF714F940B14B46002BBCBF2D2384F8F0
:1019100043307E4A7E4BD4E763680AF0DF020692CA
:101920005A1C3BD1062363604BF480620023226083
:1019300003930AABCDE901A309AB0093616849ECBD
:10194000108B0DF123032846FFF7D6FE069B09995D
:10195000472B804629D1C81C02DB6368994241DDD0
:10196000AAF1020A5FFA8AFA0139524604F15000DC
:101970000991FFF726FF0A9A1318012A814623616D
:1019800002DC2268D20701D5013323619DF82330A0
:10199000002BA2D02D2384F843309EE7069A472AD5
:1019A000C2D1002BC0D10123BDE7BAF1650FDBD94D
:1019B000BAF1660F18D1002963680BDD216113B9F4
:1019C0002268D00702D501330B442361A1654FF093
:1019D0000009DBE713B92268D20701D50233F4E727
:1019E0000123F2E74FF0670A0A9B994205DB23685F
:1019F0002161D807EAD54B1CE7E70029D4BFC1F124
:101A0000020201221344E0E723685A0507D4236940
:101A1000424631462846B84701302BD167E7BAF134
:101A2000650F40F2DD80D4E9120100220023EFF7B8
:101A30004BF8002833D0374A012331462846B847AF
:101A400001303FF454AFDDE90938434502DB236838
:101A5000D8070FD5DDE9042331462846B8470130C1
:101A60003FF445AF4FF0000908F1FF3804F11A0ABE
:101A7000C84509DC23689B0700F10381E0680B9BE4
:101A80009842B8BF184634E70123524631462846EB
:101A9000B84701303FF42BAF09F10109E8E7099B92
:101AA000002B39DC1B4A012331462846B847013058
:101AB0003FF41DAFDDE9093959EA030302D1236878
:101AC000D907D7D5DDE9042331462846B847013088
:101AD0003FF40DAF4FF0000A04F11A0B099B5B4273
:101AE000534501DC4B4693E701235A4631462846CD
:101AF000B84701303FF4FBAE0AF1010AEEE700BF40
:101B0000FFFFEF7F5C6801086068010864680108F6
:101B1000686801086C680108A36DDDF828A05345CA
:101B2000A8BF5346002B994636DC4FF0000B29EA3C
:101B3000E97904F11A02A36D0693A3EB09035B454F
:101B400031DC099B9A453ADC2368DA0737D4099BD4
:101B5000AAEB0309069BAAEB03039945A8BF994684
:101B6000B9F1000F33DC4FF0000829EAE97904F1FC
:101B70001A0B099BAAEB0303A3EB090343457FF769
:101B800079AF01235A4631462846B84701303FF421
:101B9000AEAE08F10108ECE7424631462846B847A8
:101BA0000130C2D1A3E60123314628460692B84748
:101BB00001303FF49CAE069A0BF1010BBBE7DDE967
:101BC000042331462846B8470130C0D18FE6069A33
:101BD0004B46424431462846B8470130C3D186E6D9
:101BE000DDF828A0BAF1010F01DCDB0736D50123AF
:101BF000424631462846B84701303FF478AEDDE929
:101C0000042331462846B84701303FF470AED4E98A
:101C10001201002200230AF1FF3AEEF755FFC0B986
:101C2000534608F1010231462846B84701300CD12D
:101C30005DE601235A4631462846B84701303FF455
:101C400056AE08F10108D045F3DB4B4604F15002D3
:101C5000DFE64FF0000804F11A0BF4E701234246D7
:101C6000E1E701234A4631462846B84701303FF4B0
:101C70003EAE08F10108E3680B995B1A4345F0DCBE
:101C8000FCE64FF0000804F11909F4E72DE9F047EC
:101C9000164698468A680B69DDF820909342B8BFD3
:101CA0001346336091F8432007460C460AB10133CE
:101CB00033602368990642BF336802333360256876
:101CC00015F0060506D104F1190AE36832689B1A7B
:101CD000AB4226DC94F843302268003B18BF012356
:101CE00092062BD404F1430241463846C8470130DE
:101CF0001ED02368226903F00603042B02BFE568A7
:101D00003368ED1AA3680CBF25EAE57500259342F8
:101D1000C4BF9B1AED1800261A34B5421AD1002010
:101D200008E00123524641463846C847013003D1F6
:101D30004FF0FF30BDE8F0870135C6E7E1185A1CC7
:101D4000302081F84300224494F8451082F8431073
:101D50000233C7E70123224641463846C8470130CF
:101D6000E6D00136D9E700002DE9FF470F7E0C9E33
:101D7000782F914680460C469A4601F1430207D8D7
:101D8000622F0AD8002F00F0D280582F00F0B980BF
:101D900004F1420684F842703AE0A7F16303152B80
:101DA000F6D801A151F823F0011E0108151E010803
:101DB000911D0108911D0108911D0108911D010847
:101DC000151E0108911D0108911D0108911D0108B2
:101DD000911D0108151F01083F1E0108CF1E0108B3
:101DE000911D0108911D0108371F0108911D01086F
:101DF0003F1E0108911D0108911D0108D71E010811
:101E000033681A1D1B68326004F1420684F84230C0
:101E100001239DE033682068191D3160060601D555
:101E20001D6803E04506FBD5B3F90050002D03DA29
:101E30002D236D4284F8433059480A2311E021686C
:101E40003368080653F8045B02D4490648BFADB2B4
:101E50006F2F5348336014BF0A230823002184F8EE
:101E600043106668A660002EA2BF216821F004011D
:101E700021600DB9002E4BD01646B5FBF3F103FBE4
:101E80001157C75D06F8017D2F46BB420D46F4D9B8
:101E9000082B0BD12368DF0708D5236961689942B5
:101EA000DEBF302306F8013C06F1FF36921B2261AB
:101EB000CDF800A04B4603AA21464046FFF7E6FEB8
:101EC00001304AD14FF0FF3004B0BDE8F0872368FD
:101ED00043F0200323603348782784F84570236853
:101EE00031681F0651F8045B02D45F0648BFADB2EB
:101EF0003160D90744BF43F0200323601DB1102394
:101F0000ACE72748E9E7236823F020032360F6E7DE
:101F10001646BDE7336825686169181D30602E06D6
:101F20001B6801D5196002E06806FBD51980002303
:101F300023611646BCE733681A1D32601E6862686A
:101F400000213046EEF744F908B1801B60606368F9
:101F50002361002384F84330AAE7236932464946C7
:101F60004046D0470130ADD023689B0713D4E068CA
:101F7000039B9842B8BF1846A6E70123324649465C
:101F80004046D04701309DD00135E36803995B1A84
:101F9000AB42F2DCEBE7002504F11906F5E700BFE0
:101FA0006E6801087F680108002310B50446C0E987
:101FB0000033C0E90433836081814366C281836159
:101FC000194608225C3000F038F90D4B63620D4B66
:101FD000A3620D4BE3620D4B23630D4B24629C42C5
:101FE00006D003F16802944202D0D0339C4205D15E
:101FF00004F15800BDE8104000F004BA10BD00BF65
:1020000095210108B7210108EF21010813220108D9
:10201000ACA10020024A0349034800F069B800BFA0
:102020004C0200207D3D01085C02002041680C4B01
:10203000994210B5044601D001F0A0FEA168094BF9
:10204000994202D0204601F099FEE168064B994280
:1020500004D02046BDE8104001F090BE10BD00BF86
:10206000ACA1002014A200207CA2002010B50B4BD4
:102070000B4C0C4A1A60204600220421FFF794FF03
:1020800004F1680001220921FFF78EFF04F1D0005E
:102090000222BDE810401221FFF786BFE4A2002013
:1020A000ACA1002015200108014800F0ACB900BF28
:1020B000EDA20020014800F0A7B900BFEDA200206A
:1020C00010B50446FFF7F0FF236A1BB1BDE81040CE
:1020D000FFF7F0BF044B2362044B1B68002BF5D1C4
:1020E000FFF7C4FFF2E700BF2D200108E4A20020A3
:1020F0002DE9F8430746884614460026D4E90195A1
:10210000B9F1010905D52468002CF7D13046BDE8A6
:10211000F883AB89012B07D9B5F90E30013303D011
:1021200029463846C04706436835E9E70CB430B560
:10213000174B0C1E1D689DB008DA8B232B604FF0E7
:10214000FF301DB0BDE8304002B070474FF402735D
:10215000ADF8143014BF04F1FF3323460493079302
:102160004FF6FF7302900690ADF81630209A21AB1F
:1021700002A92846019301F081FC431CBCBF8B23BC
:102180002B60002CDDD0029B00221A70D9E700BF23
:102190005802002010B50C46B1F90E1000F0E4F81A
:1021A0000028ABBF636DA3891B1823F48053ACBF19
:1021B0006365A38110BD2DE9F0411F468B89DB05C6
:1021C00005460C46164605D5B1F90E10022300222D
:1021D00000F0B8F8A389B4F90E1023F48053A3815A
:1021E00032463B462846BDE8F04100F0CFB810B576
:1021F0000C46B1F90E1000F0A5F8431CA38915BFD9
:10220000606523F4805343F48053A38118BFA381F6
:1022100010BDB1F90E1000F02FB810B5013902440D
:10222000904201D1002005E0037811F8014FA3424C
:1022300001D0181B10BD0130F2E70244034693425F
:1022400000D1704703F8011BF9E710B501390346C7
:1022500032B111F8014F03F8014B013A002CF7D1CC
:102260001A440021934200D110BD03F8011BF9E785
:10227000004870479803002038B5064D00230446F7
:1022800008462B60F5F771FF431C02D12B6803B1A0
:10229000236038BDE8A20020294B1B68834270B53B
:1022A00004464BD0C369ABB1DB686BB10025E36971
:1022B000DB68595900293BD10435802DF7D1E369FA
:1022C0002046D96800F0FCFEE369196811B1204688
:1022D00000F0F6FE616911B1204600F0F1FEE169FF
:1022E00011B1204600F0ECFE216B11B1204600F048
:1022F000E7FE616B11B1204600F0E2FEA16B11B167
:10230000204600F0DDFEA16C11B1204600F0D8FEA1
:10231000616C11B1204600F0D3FEE16A11B1204694
:1023200000F0CEFE236A4BB12046BDE8704018474E
:102330000E68204600F0C4FE3146BBE770BD00BF0A
:102340005802002038B5074D0446084611460022C1
:102350002A601A46F5F730FF431C02D12B6803B1FF
:10236000236038BDE8A2002038B5074D0446084672
:10237000114600222A601A46F5F7BEFE431C02D120
:102380002B6803B1236038BDE8A2002038B5074DA3
:1023900004460846114600222A601A46F5F7C9FE8F
:1023A000431C02D12B6803B1236038BDE8A2002092
:1023B000014B1868704700BF5802002070B50D4DE2
:1023C0000D4C641BA4100026A64209D10B4D0C4CE9
:1023D00002F09EFF641BA4100026A64205D170BD2A
:1023E00055F8043B98470136EEE755F8043B98470B
:1023F0000136F2E7E06F0108E06F0108E06F0108C5
:10240000E46F01087047704770470A44914200F139
:10241000FF3300D1704710B511F8014B03F8014F9D
:102420009142F9D110BD2DE9F74F03690C69A34220
:1024300007467EDB013C01F11408A30000F11405FE
:10244000009305EB8403019358F8243055F82420B9
:1024500001339A4208EB8409B2FBF3F62ED34FF016
:10246000000AC446AE46D3465CF8043B98B206FB6D
:1024700000A0020C1B0C06FB0323DEF8002080B238
:1024800092B2121A5A44DEF800004FEA134A9BB285
:10249000C3EB224303EB104392B242EA0342E1450D
:1024A0004EF8042B4FEA234BDED2009BEB582BB99E
:1024B000019B043B9D421A462FD33C61384601F0F4
:1024C00079F9002825DB2946002058F8042BD1F89B
:1024D00000C01FFA82FE1FFA8CF3A3EB0E03034425
:1024E000120CC2EB234202EB1C429BB243EA0243B2
:1024F000C14541F8043B4FEA2240E6D255F824207A
:1025000005EB840322B9043B9D421A460BD33C6180
:102510000136304603B0BDE8F08F1268043B002A54
:10252000CBD1013CC6E71268043B002AEFD1013C45
:10253000EAE70020EEE700002DE9F04FC76999B007
:102540008DED020B55EC104B229E099183460E92A5
:1025500013937FB9102000F0FDFD0246CBF81C005C
:1025600020B9A74BEF21A74801F05AFCC0E9017739
:102570000760C760DBF81C30196859B15A684A60B7
:10258000012393408B60584600F0DAFEDBF81C30E4
:1025900000221A602B1EB9BF23F0004303930023CF
:1025A0003360039F984BBCBF01223260BB4312D102
:1025B000139A42F20F731360C7F31303234300F01F
:1025C0004D85239BDFF854A2002B00F04F850AF1C4
:1025D000030300F049BD9DED027B002251EC170B77
:1025E00000238DED0C7BEEF76FFA804658B1139AFD
:1025F00001231360239B13B1239A844B1360DFF8EC
:1026000020A200F033BD9DED0C0B16AA17A9584669
:1026100001F080F9C7F30A568146002E77D00D9B52
:10262000CDF85080C3F31303DDE90C0143F07F5371
:1026300043F44013A6F2FF3619460022744BEDF71F
:1026400023FE69A3D3E90023EDF7D6FF68A3D3E9FE
:102650000023EDF71BFE044630460D46EDF762FF02
:1026600065A3D3E90023EDF7C7FF02460B462046DA
:102670002946EDF70BFE04460D46EEF76DFA0022F3
:102680000746002320462946EEF728FA40B138468F
:10269000EDF748FF22462B46EEF716FA00B9013F48
:1026A000162F51D85B4B03EBC703D3E90023DDE9B9
:1026B0000C01EEF713FA002848D0013F00231293D3
:1026C000169B9B1B5A1E44BFC3F1010800230892AE
:1026D00054BF4FF000080893002F39DB089B0F9779
:1026E0003B44089300230A93099B092B64D8052BCC
:1026F000C4BF043B0993099BA3F10203CCBF002490
:102700000124032B63D8DFE803F02A373555DDE9D0
:1027100016631E4406F23243202BC1BFC3F14003AF
:102720009F4006F2124324FA03F3D6BFC3F12003FD
:1027300047EA030004FA03F0EDF7E4FE0122A1F1F9
:10274000F873013E149277E70123B8E71290B7E7D8
:102750007B420A930023A8EB07080F93C4E70023EA
:102760000B930E9B002B35DC0123009307931A4635
:102770000E920BE00123F3E700230B930E9BFB1853
:1027800000930133012B0793B8BF0123DBF81C0032
:102790000021042202F114059D421FD941605846D0
:1027A00000F08EFD824600283CD11B4B024640F2D1
:1027B000AF11D8E60123E0E70124002309930B942D
:1027C0004FF0FF330093079300221223D0E7012339
:1027D0000B93F5E70E9B00930793D7E70131520067
:1027E000D8E700BFAFF3008061436F63A787D23F94
:1027F000B3C8608B288AC63FFB799F501344D33FF0
:102800009D680108B46801080000F07F6D68010848
:102810000000F83FB06901080C69010899680108D7
:102820006C680108DBF81C301860079B0E2B00F267
:10283000A480002C00F0A180002F33DDAD4B07F009
:102840000F0203EBC20393ED007BF8058DED047BD3
:102850004FEA271416D5A84BDDE90C01D3E908236C
:10286000EDF7F4FFCDE9020104F00F040326A24DB9
:1028700054B9DDE90423DDE90201EDF7E7FFCDE915
:10288000020128E00226F2E7E10708D5DDE90401AC
:10289000D5E90023EDF7B0FECDE90401013664105F
:1028A0000835E5E700F0D2807C42924B924D04F06F
:1028B0000F0203EBC203D3E90023DDE90C01EDF7BE
:1028C0009BFECDE90201241100230226002C40F0DA
:1028D000B280002BD3D1129BDDE90245002B00F022
:1028E000B780864B002220462946EEF7F7F80028ED
:1028F00000F0AE80079B002B00F0AA80009B002B0D
:1029000037DD7B1E049320467D4B00222946EDF7E0
:1029100073FECDE90201009C01363046EDF702FE60
:10292000DDE90223EDF768FE764B0022EDF7AEFC01
:102930000546A1F15076002C40F08D80DDE90201C2
:10294000714B0022EDF7A0FC02460B46CDE90223B5
:102950002A463346EEF7E0F8002840F08B82DDE9A6
:1029600002012A4606F10043EEF7B8F8002840F0CD
:102970002881DDE90C34CDE90234179B002BC0F22D
:102980005A810E2F00F357815A4B03EBC70393ED87
:10299000007B0E9B002B8DED007B03DA079B002B49
:1029A00040F30181DDE902455646DDE9002320467A
:1029B0002946EDF74BFFEEF7CFF88046EDF7B2FD75
:1029C000DDE90023EDF718FE02460B4620462946B6
:1029D00008F13004EDF758FC06F8014B079DA6EB13
:1029E0000A04A54202460B4640F01781EDF74EFC63
:1029F000DDE9002304460D46EEF78EF8002840F08E
:102A0000F980DDE9002320462946EEF75DF818B18C
:102A100018F0010F40F0EE804946584600F090FC57
:102A200000233370139B01371F60239B002B00F0A2
:102A30001D831E601AE3E20705D5D5E90023EDF7F3
:102A4000DBFD01360123641008353FE7022642E72B
:102A5000079C049761E7274B0B9903EBC40353E9E9
:102A600002235444002953D028490020EDF7EEFEFC
:102A700033462A46EDF708FCCDE910015646DDE95C
:102A80000201EEF769F80546EDF74CFD02460B46EC
:102A9000DDE90201EDF7F8FB303502460B46CDE9E2
:102AA000022306F8015BDDE91023EEF717F8002892
:102AB00071D1DDE9022311490020EDF7E5FBDDE9E5
:102AC0001023EEF70BF8002840F09580A6423FF463
:102AD00050AFDDE910010A4B0022EDF78DFD084BE8
:102AE000CDE910010022DDE90201EDF785FDCDE918
:102AF0000201C4E7B0690108886901080000F03FDD
:102B00000000244000001C40000014400000E03F92
:102B100031462846EDF770FDCDE910011594564673
:102B2000DDE90201EEF718F80546EDF7FBFC024679
:102B30000B46DDE90201EDF7A7FB303506F8015B36
:102B400002460B46A642CDE902234FF0000224D1F3
:102B5000AC4BDDE91001EDF799FB02460B46DDE9D0
:102B60000201EDF7D9FF002845D1DDE91023A54981
:102B70000020EDF789FB02460B46DDE90201EDF787
:102B8000ADFF00283FF4F5AE159E731E159316F8A1
:102B9000013C302BF8D0049F3EE79B4BEDF72CFD1A
:102BA000CDE90201BCE70CD1984B0022DDE9000120
:102BB000EDF722FDDDE90223EDF7A4FF002800F088
:102BC0005781002425460E9BDB430493564600277D
:102BD0002146584600F0B4FB002DDCD02FB1AF42A7
:102BE00003D03946584600F0ABFB2946584600F062
:102BF000A7FBD0E7049733461E4613F8012D392A68
:102C000007D19A45F8D1049A0132049230228AF809
:102C100000201A7801321A70BDE77B4B0022EDF7D5
:102C2000EBFC0022002304460D46EDF74DFF002883
:102C30003FF4BBAEF0E60B9A002A00F0DB80099A65
:102C4000012A00F3BF80149A002A00F0B78003F233
:102C500033430A9C4646089A01211A445846984430
:102C6000089200F021FC05465EB1089B002B08DDB0
:102C7000B342089AA8BF3346A8EB0308F61AD31A42
:102C800008930A9BF3B10B9B002B00F0B7808CB12B
:102C900029462246584600F0C7FC4A4601460546EA
:102CA000584600F017FC49460490584600F048FB8F
:102CB000049B99460A9B1A1B04D04946584600F0CB
:102CC000B3FC81460121584600F0EEFB0F9B044601
:102CD000002B00F0CF811A460146584600F0A4FCB4
:102CE000099B012B044600F39580029B002B40F0CA
:102CF0008780039BC3F31303002B40F08980039B61
:102D000023F000431B0D1B052BB1089B01330893D7
:102D100008F1010801230A930F9B002B00F0B081FA
:102D2000236904EB8303186900F072FBC0F12000F3
:102D3000089B184410F01F0077D0C0F12003042B2B
:102D40006BDD089BC0F11C000344804406440893DB
:102D5000B8F1000F05DD49464246584600F0BEFC7A
:102D60008146089B002B05DD21461A46584600F097
:102D7000B5FC0446129B002B59D02146484600F072
:102D800019FD002853DA7B1E0493494600230A22CA
:102D9000584600F0F7FA0B9B8146002B00F0728139
:102DA000002329460A22584600F0ECFA009B002B2B
:102DB000054667DC099B022B41DC63E0169BC3F1EF
:102DC000360346E7079B5C1E0A9BA342BFBF0A9BD4
:102DD0000F9A0A94E31AB4BFD2181C1B079BBCBFFE
:102DE0000F920024002BB5BFA8EB0306079B00231E
:102DF000464630E70A9C0B9D464635E70A9A5CE753
:102E0000002388E70000E03F000024400000144059
:102E1000029B80E700230A9382E799D0089A1C332B
:102E20001A4498441E44089292E70346F6E7079B2B
:102E30000497002B20DC0093099B022B1EDD009BD6
:102E4000002B7FF4C0AE21460522584600F09AFAC6
:102E500001460446484600F0ADFC00287FF7B3AEBB
:102E60005646312306F8013B049B01330493AEE63A
:102E7000079C04972546F3E7079B00930B9B002BC9
:102E800000F00481002E05DD29463246584600F048
:102E900025FC05460A9B002B5AD06968584600F06D
:102EA0000FFA064628B9844B024640F2EF21FFF79D
:102EB0005ABB2A690232920005F10C010C30FFF76F
:102EC000A4FA01223146584600F008FC0AF1010339
:102ED0000793009B53440B93029B03F001032F467F
:102EE0000A930546079B2146013B48460093FFF79E
:102EF0009AFA3946029000F13008484600F05AFC30
:102F00002A4608902146584600F070FCC2680646E2
:102F100002BB0146484600F04DFC02463146584689
:102F20000E9200F00DFA099B0E9A079E43EA0201E9
:102F30000A9B194310D1B8F1390F29D0089B002BF7
:102F400002DD029B03F13108009B83F800803FE61D
:102F50002846BBE70122E1E7089B002B04DB099927
:102F60000B430A990B4320D1002AEDDD494601228B
:102F7000584600F0B3FB2146814600F01BFC0028B8
:102F800003DCE1D118F0010FDED0B8F1390FD8D150
:102F9000009A3923137033461E46013B16F8012C64
:102FA000392A52D001321A7012E6002A07DDB8F130
:102FB000390FEDD0009A08F10103137008E6079B62
:102FC000079A03F8018C0B9B934228D049460023B3
:102FD0000A22584600F0D6F9AF4281464FF000036E
:102FE0004FF00A023946584607D100F0CBF90746A0
:102FF0000546079B0133079374E700F0C3F92946A0
:10300000074600230A22584600F0BCF90546F0E7BF
:10301000009B002BCCBF1E46012656440027494684
:103020000122584600F05AFB2146814600F0C2FBBF
:103030000028B0DC02D118F0010FACD133461E4697
:1030400013F8012D302AFAD0C2E59A45A4D1049B89
:103050000133049331238AF80030B9E5239BDFF86C
:103060005CA01BB10AF10803239A1360504619B003
:10307000BDE8F08F099B012B7FF737AE0F9B0A93BA
:10308000012055E6009B002B7FF7D6AE5646214621
:103090004846FFF7C8F900F1300806F8018B009B9D
:1030A000A6EB0A029342B3DD494600230A225846A2
:1030B00000F068F98146EAE70C69010890680108A8
:1030C00038B50546002941D051F8043C0C1F002BAF
:1030D000B8BFE41800F0E8F81D4A136833B963601C
:1030E00014602846BDE8384000F0E4B8A34208D98F
:1030F000206821188B4201BF19685B68091821609C
:10310000EDE71A465B680BB1A342FAD91168501873
:10311000A0420BD120680144501883421160E0D1D5
:1031200018685B68536008441060DAE702D90C2322
:103130002B60D6E7206821188B4204BF19685B68B2
:10314000636004BF091821605460CAE738BD00BF3E
:10315000F4A20020024B0146186800F025B800BF19
:103160005802002070B50F4E0C463168054611B963
:1031700000F046FE30602146284600F041FE431C28
:1031800003D14FF0FF34204670BDC41C24F003046B
:10319000A042F8D0211A284600F032FE0130F2D1C8
:1031A000EFE700BFF0A200202DE9F843CD1C25F089
:1031B000030508350C2D38BF0C25002D064601DB14
:1031C000A94204D90C2333600020BDE8F883DFF85E
:1031D000D48000F069F8D8F800301C4644BB29467A
:1031E0003046FFF7BFFF431C044658D1D8F80040D3
:1031F0002746002F43D1002C4BD023683946304658
:1032000004EB030900F0FCFD814542D121686D1AF1
:1032100029463046FFF7A6FF01303AD023682B44F9
:103220002360D8F800305A6862BBC8F800700FE01D
:103230002268521B20D40B2A17D96119A34225609A
:1032400018BF5960636808BFC8F8001062514B602E
:10325000304600F02FF804F10B00231D20F007008A
:10326000C21A1CBF1B1AA350AFE76268A3420CBF6F
:10327000C8F800205A60EBE723466468AEE73C4696
:103280007F68B6E71A465B68A342FBD10023536010
:10329000DEE70C233360304600F00CF894E705605D
:1032A000D6E700BFF4A200200148FFF7ACB800BF8A
:1032B000ECA200200148FFF7A7B800BFECA2002055
:1032C00070B5C66904460D4676B91020FFF742FF77
:1032D0000246E06120B9184B18486B2100F0A0FDB0
:1032E000C0E901660660C660E669F36883B1E36918
:1032F000DB6853F82500B8B9012101FA05F6721D03
:103300009200204600F0AAFD60B1C0E901560EE02F
:1033100021220421204600F0A1FDE369F060DB6872
:10332000002BE4D1002070BD026843F82520002363
:10333000C0E90333F7E700BF9D6801081D69010874
:1033400070B5C66905460C4676B91020FFF702FF36
:103350000246E86120B9094B09488F2100F060FD61
:10336000C0E901660660C6603CB1EB696268DB6873
:1033700053F82210216043F8224070BD9D68010877
:103380001D6901082DE9F0410D6907460C461E46EE
:1033900001F1140C0020DCF8003099B202FB01614D
:1033A0001E0C0B0C02FB063389B2013001EB03410A
:1033B00085424CF8041B4FEA1346ECDC0EB3A368BD
:1033C000AB4219DC616838460131FFF779FF80466E
:1033D00028B902460C4B0D48BA2100F021FD2269A4
:1033E000023204F10C0192000C30FFF70EF8214676
:1033F0003846FFF7A5FF444604EB850301355E61BF
:1034000025612046BDE8F0810C6901081D690108AD
:10341000B0F5803F034636BF030400201020B3F10F
:10342000807F3CBF1B020830B3F1805F3CBF1B01B3
:103430000430B3F1804F3CBF9B000230002B05DB12
:1034400013F0804F00F1010008BF2020704703688F
:10345000024613F007000BD0D90721D4980749BFC3
:103460005B089B08012013605CBF1360022070475B
:1034700099B209B91B0C1020D9B209B908301B0A3E
:10348000190704BF1B090430990704BF9B080230C9
:10349000D90703D45B0800F1010003D01360704723
:1034A000002070472020704710B50C460121FFF71F
:1034B00007FF024628B9054B054840F2451100F0C8
:1034C000AFFC01234461036110BD00BF0C6901081A
:1034D0001D6901082DE9F04F14460A6923699A42D3
:1034E000A8BF23460F46A4BF0C461F46D4F810A021
:1034F000D7F81090A36861680AEB0906B34285B05B
:10350000B8BF0131FFF7DCFE30B90246444B4548F5
:103510004FF4B17100F084FC00F1140505EB86084E
:103520002B460022434521D307F1140104F1140274
:1035300002EB8A0201EB89030293131B153B23F074
:103540000303043304F11507BA4238BF042301937F
:10355000029B03918B420CD8002E03DD58F8043DEA
:10356000002B5BD0066105B0BDE8F08F43F8042B5B
:10357000D8E7B1F800A0BAF1000F24D004F1140E7E
:10358000A9464FF0000C5EF8047BD9F800301FFA12
:1035900087FB9BB20AFB0B334FEA174BD9F800703D
:1035A00063444FEA174C0AFB0BC707EB13479BB268
:1035B00043EA0743724549F8043B4FEA174CE2D807
:1035C000019B45F803C0039BB3F802900431B9F1A5
:1035D000000F21D02B6804F1140CAE464FF0000A06
:1035E000BCF800B0BEF8027009FB0B7757449BB2E1
:1035F00043EA07434EF8043B5CF8043B4FEA134AA6
:10360000BEF8003009FB0A3303EB174362454FEA6B
:10361000134AE5D8019FEB51043599E7013E9BE73A
:103620000C6901081D6901082DE9F843154612F0DF
:10363000030207460E4607D0254C013A002354F8F2
:103640002220FFF79FFE0646AD103DD0FC697CB9F5
:103650001020FFF77FFD0246F86128B91D4B1E4878
:1036600040F2B31100F0DCFBC0E901440460C46027
:10367000D7F81C80D8F808404CB940F27121384680
:10368000FFF712FF0023C8F80800044603604FF05C
:103690000009EB070AD5314622463846FFF71AFFE4
:1036A000314680463846FFF74BFE46466D100BD03C
:1036B000206838B9224621463846FFF70BFF2060C4
:1036C000C0F800900446E4E73046BDE8F88300BF48
:1036D000786901089D6801081D6901082DE9F04716
:1036E0000C464968236903EB6218A36807469146B4
:1036F0004FEA621A08F10106B3420BDB3846FFF7C6
:10370000DFFD054648B90246284B29484FF4EF71C2
:1037100000F086FB01315B00EEE7002300F11401AD
:1037200000F110021846534533DB20692AEAEA7A91
:1037300004F1140319F01F0901EB8A0103EB800C5B
:103740002BD0C9F1200E8A460022186800FA09F031
:1037500010434AF8040B53F8042B9C4522FA0EF24E
:10376000F3D8ACEB0403153B23F00303043304F15B
:103770001500844538BF0423CA500AB108F1020677
:10378000013E38462E612146FFF7DAFD2846BDE8A6
:10379000F08742F8040F0133C5E7043953F8042BCE
:1037A00041F8042F9C45F9D8EAE700BF0C690108ED
:1037B0001D6901080A6903460069801A30B50ED1F7
:1037C0001433143103EB820401EB820154F8045DDD
:1037D00051F8042D954203D005D24FF0FF3030BD93
:1037E000A342F3D3FBE70120F9E700002DE9F74FEF
:1037F00089460646114648461446FFF7DBFF051E7C
:1038000012D129463046FFF75BFD024628B93F4BEF
:1038100040F237213E4800F003FB0123C0E90435A4
:10382000104603B0BDE8F08FBCBF4B46A146304602
:10383000D9F80410BABF1C4601250025FFF740FD4A
:10384000024618B9314B40F24521E3E7D9F8107030
:103850002669C56009F1100309F1140504F1140E7D
:1038600000F1140B05EB87080EEB86060193D94691
:103870004FF0000C019B5EF8040B53F804AF01936A
:103880001FFA8AF3194683B2CB1A000C6344C0EBCB
:103890001A4000EB23409BB243EA0043764549F8C7
:1038A000043B4FEA204CE5D8331B153B23F00303C0
:1038B00015340433A64238BF04231D445B441E461E
:1038C0002C4644450ED308F10301491B21F00301A6
:1038D000033DA84538BF00210B4453F8041D91B1A6
:1038E00017619DE754F8041BE646080C1CFA81FC9E
:1038F000714400EB2C4089B241EA004146F8041BB8
:103900004FEA204CDDE7013FE7E700BF0C69010803
:103910001D6901082DE9F7430F46012159EC108B71
:103920001646FFF7CDFC044630B90246234B244827
:1039300040F20F3100F074FAC9F30A55C9F31303CA
:103940000DB143F480130193B8F1000323D068460E
:103950000093FFF77CFDDDE90012D0B1C0F1200338
:1039600002FA03F30B43C24063610192019BA3611E
:10397000002B0CBF012202222261A5B1A5F2334522
:1039800005443D60C0F135003060204603B0BDE81D
:10399000F0836161EAE701A8FFF759FD019B6361CC
:1039A00020300122E8E704EB8203A0F232403860C5
:1039B0001869FFF72DFDC0EB4210E5E70C6901081F
:1039C0001D6901082DE9F0478E681F46BE420B684D
:1039D00082460C4690462DD8B1F90C2012F4906F17
:1039E00026D06569096905EB4505A3EB010905EBDF
:1039F000D5757B1C4B446D109D4238BF1D46530549
:103A000027D52946FFF7D0FB064660B321694A4611
:103A1000FEF7FBFCA38923F4906343F08003A381AA
:103A2000266165614E44A5EB09052660A5603E460A
:103A3000BE4200D93E4620683246414600F0C6F9F3
:103A4000A3689B1BA3602368334423600020BDE868
:103A5000F0872A4600F028FA06460028E0D12169BE
:103A60005046FFF72DFB0C23CAF80030A38943F022
:103A70004003A3814FF0FF30E9E700002DE9F04F4C
:103A800098468B891B069DB007460D46144610D5F7
:103A90000B6973B94021FFF787FB2860286130B9B3
:103AA0000C233B604FF0FF301DB0BDE8F08F40238A
:103AB0006B610023099320238DF82930CDF80C8009
:103AC0003023DFF89C818DF82A304FF0010923461E
:103AD0009A4613F8012B0AB1252AF9D1BAEB040B47
:103AE0000BD05B46224629463846FFF76BFF013074
:103AF00000F0A780099A5A4409929AF80030002BE6
:103B000000F09F8000234FF0FF32CDE905230AF13A
:103B1000010A049307938DF853301A9354460522F3
:103B200014F8011B4E48ECF753FB049AD8B9D006A1
:103B300044BF20238DF85330110744BF2B238DF849
:103B400053309AF800302A2B15D0079A544600209B
:103B50004FF00A0C214611F8013B303B092B4BD9A1
:103B6000B0B1079214E0A0EB080309FA03F3134382
:103B70000493A246D2E7039B191D1B680391002BF7
:103B8000BBBF5B4242F0020207930793B8BF0492A7
:103B900023782E2B0AD163782A2B32D1039B1A1D4E
:103BA0001B68039243EAE37302340593DFF8C0A075
:103BB000217803225046ECF70BFB38B1049BA0EBB5
:103BC0000A004022824013430134049314F8011B7D
:103BD00024488DF828100622ECF7FAFA002836D08F
:103BE000214B1BBB039B073323F0070308330393CD
:103BF000099B334409936AE70CFB02320C4601200F
:103C0000A8E700230134059319464FF00A0C20461B
:103C100010F8012B303A092A03D9002BC6D00591A0
:103C2000C4E70CFB012104460123F0E703AB00933A
:103C30002A460E4B04A93846FDF7FEFD421C0646F7
:103C4000D6D1AB895B063FF52DAF09982CE703ABC6
:103C500000932A46054B04A93846FEF785F8EDE7A0
:103C6000786A0108826A010839180108C539010813
:103C70007E6A0108B1F90C202DE9F04116070546CE
:103C80000C4654D44B68002B02DC0B6C002B48DD37
:103C9000E66A002E45D0002312F480522F68216A74
:103CA0002B6030D0626DA389590705D56368D21A9D
:103CB000636B0BB1236CD21A0023E66A216A284693
:103CC000B047431CA38906D129681D292BD82A4A4D
:103CD0000A41D60727D400226260D90422692260F3
:103CE00004D5421C01D12B6803B96065616B2F605C
:103CF000B9B104F14403994202D02846FFF7E0F934
:103D0000002363630DE001232846B0470246501CA0
:103D1000C9D12B68002BC6D01D2B01D0162B1ED16C
:103D20002F60002022E043F040031BB21BE00F692C
:103D3000002FF6D093070E6808BF4B690F6018BFBD
:103D40000023A6EB07088B60B8F1000FE9DD216ABC
:103D5000A66A43463A462846B047002808DCB4F92C
:103D60000C3043F04003A3814FF0FF30BDE8F081F9
:103D70000744A8EB0008E7E7FEFFBFDF38B50B6993
:103D800005460C4613B90025284638BD18B1036A0C
:103D90000BB9FEF795F9B4F90C30002BF3D0626E35
:103DA000D00704D4990502D4A06DFEF72CFB284659
:103DB0002146FFF75FFF636EDA070546E4D4A38967
:103DC0009B05E1D4A06DFEF71FFBDDE7884210B52F
:103DD00001EB020402D98442234607D8431EA142C4
:103DE00008D011F8012B03F8012FF8E7024401462F
:103DF0008A4200D110BD13F8014D02F8014DF7E7DA
:103E000038B5064D0023044608462B60F4F7E2F966
:103E1000431C02D12B6803B1236038BDE8A2002007
:103E20001FB514461A46094B1B680546D86854B995
:103E3000074B1C46CDE9013400912B46054900F0A3
:103E40006FF800F07FF8044BF4E700BF5802002041
:103E5000CE6A0108A06A0108936A010870B5A1FB47
:103E600002543CB92946FFF79FF9064628B90026B7
:103E7000304670BD0C220260F9E72A462146FEF763
:103E8000DCF9F5E782B001B901A942B14BB1137871
:103E90000B601278101E18BF012002B07047104648
:103EA000FBE76FF00100F8E72DE9F0418046154689
:103EB0000C4621B9BDE8F0411146FFF775B92AB9A2
:103EC000FFF7FEF800242046BDE8F08100F041F83D
:103ED0008542064602D8B5EB500FF4D82946404635
:103EE000FFF762F907460028ECD0B5422A46214682
:103EF00028BF3246FEF789FA21464046FFF7E0F830
:103F00003C46E0E70346084641B1FF2A04D98A222D
:103F10001A604FF0FF3070470A70012070470000B0
:103F20000EB403B5014603AB054853F8042B0068F3
:103F3000019300F03FF802B05DF804EB03B0704766
:103F40005802002008B5062000F008FA0120F4F716
:103F5000C8F851F8043C181F002BBCBF0B58C01800
:103F600070479368013B002B10B4936008DA9469A2
:103F7000A34201DB0A2903D15DF8044B00F032B9FA
:103F80001368581C1060197008465DF8044B7047A0
:103F9000F8B506460F461446D518AC4201D10020AC
:103FA00007E014F8011B3A463046FFF7DAFF431CDE
:103FB000F3D1F8BD2DE9F04F0D469DB0144698465B
:103FC000064618B1036A0BB9FEF77AF86B6ED9078B
:103FD00005D4AB899A0502D4A86DFEF714FAAB8913
:103FE0001B0701D52B699BB92946304600F038F9EB
:103FF00070B16B6EDC0704D54FF0FF301DB0BDE82B
:10400000F08FAB899805F7D4A86DFEF7FDF9F3E7BB
:104010000023099320238DF82930CDF80C8030231C
:10402000DFF8AC818DF82A304FF0010923469A461B
:1040300013F8012B0AB1252AF9D1BAEB040B0BD0E6
:104040005B46224629463046FFF7A2FF013000F0CA
:10405000A780099A5A4409929AF80030002B00F080
:104060009F8000234FF0FF32CDE905230AF1010ABA
:10407000049307938DF853301A935446052214F88D
:10408000011B5348ECF7A4F8049AD8B9D10644BFF1
:1040900020238DF85330130744BF2B238DF8533062
:1040A0009AF800302A2B15D0079A544600204FF07A
:1040B0000A0C214611F8013B303B092B4BD9B0B11A
:1040C000079214E0A0EB080309FA03F313430493E7
:1040D000A246D2E7039B191D1B680391002BBBBFAF
:1040E0005B4242F0020207930793B8BF0492237821
:1040F0002E2B0AD163782A2B32D1039B1A1D1B6801
:10410000039243EAE37302340593DFF8D4A02178E5
:1041100003225046ECF75CF838B1049BA0EB0A0090
:104120004022824013430134049314F8011B2948B0
:104130008DF828100622ECF74BF800283FD0264BCC
:104140001BBB039B073323F0070308330393099B2F
:104150003B4409936AE70CFB02320C460120A8E7B6
:1041600000230134059319464FF00A0C204610F83D
:10417000012B303A092A03D9002BC6D00591C4E798
:104180000CFB012104460123F0E703AB00932A4610
:10419000124B04A93046FDF74FFB0746781CD6D1D9
:1041A0006B6ED90705D4AB899A0502D4A86DFEF7CA
:1041B0002BF9AB895B063FF51FAF09981EE703ABF0
:1041C00000932A46054B04A93046FDF7CDFDE4E7F0
:1041D000786A0108826A010839180108913F0108CC
:1041E0007E6A0108F8B50E461446054618B1036A02
:1041F0000BB9FDF765FFA369A360A3891A0701D571
:10420000236943B92146284600F02AF818B14FF037
:10421000FF373846F8BD23682269981A6369F6B2F9
:104220008342374605DC21462846FFF7A7FD0028D4
:10423000EDD1A368013BA36023685A1C22601E7065
:104240006269431C9A4204D0A389DB07E1D50A2E98
:10425000DFD121462846FFF791FD0028D9D0D6E7C7
:1042600038B5294B054618680C4618B1036A0BB9D6
:10427000FDF726FFB4F90C30190722D4DA0607D46B
:1042800009222A6043F04003A3814FF0FF3033E05E
:10429000580712D5616B41B104F14403994202D031
:1042A0002846FEF70DFF00236363A38923F0240350
:1042B000A3810023636023692360A38943F008037B
:1042C000A38123694BB9A38903F42073B3F5007F5D
:1042D00003D02146284600F083F8B4F90C3013F0DF
:1042E00001020AD00022A26062695242A2612269E0
:1042F00042B913F08000C5D138BD990758BF626933
:10430000A260F4E70020F7E7580200201F2938B523
:1043100005460C4604D9162303604FF0FF3038BD24
:10432000C26B12B152F821304BB9284600F030F878
:10433000224601462846BDE8384000F017B8012B58
:104340000AD0591C03D1162303600120E7E700219E
:1043500042F82410204698470020E0E7024B01462F
:104360001868FFF7D3BF00BF5802002038B5074DCB
:1043700000230446084611462B60F3F7A2FE431CB7
:1043800002D12B6803B1236038BD00BFE8A2002032
:10439000F3F78FBE70B50C46B1F90E10002996B038
:1043A00015461E460DDAA38913F0800F4FF0000169
:1043B00014BF40234FF48063002031602B6016B09F
:1043C00070BD6A4600F048F80028ECDB019901F462
:1043D0007041A1F50053594259414FF48063EBE716
:1043E0008B89F7B59D0706460C4607D504F14703B0
:1043F000236023610123636103B0F0BD01AB6A4612
:10440000FFF7C8FF009F054639463046FEF7CCFE51
:1044100048B9B4F90C309A05EED423F0030343F005
:104420000203A381E2E7A389206043F08003A38114
:10443000019BC4E904075BB1B4F90E10304600F0EB
:104440001DF828B1A38923F0030343F00103A381DE
:10445000A3891D43A581CFE738B5074D0023044646
:10446000084611462B60F3F78CFE431C02D12B68E3
:1044700003B1236038BD00BFE8A2002038B5064D67
:104480000023044608462B60F3F78BFE431C02D141
:104490002B6803B1236038BDE8A2002000F070B99A
:1044A00008B52DED028BB0EE408A00F0A1F8B4EE15
:1044B000488AF1EE10FA0CD6DFED078AB4EEE88AEE
:1044C000F1EE10FA05D5FDF773FF88EEA80A212357
:1044D0000360BDEC028B08BD0000000010EE103A36
:1044E00007B51E4A23F00043934206D8DFED1C0AAD
:1044F00003B05DF804EB00F0A3B8B3F1FF4F04D3B1
:1045000030EE400A03B05DF804FB684600F0D8F9CD
:1045100000F00300012809D0022810D0B0B9DDED69
:10452000010A9DED000A00F08BF8EBE7DDED010AD2
:104530009DED000A00F0DCF8B1EE400AE2E7DDEDA7
:10454000010A9DED000A00F07BF8F5E7DDED010AB8
:104550009DED000A012000F0CBF8D3E7D80F493FCA
:104560000000000010EE103A07B51F4A23F0004388
:10457000934207D8DFED1D0A002003B05DF804EB7D
:1045800000F0B6B8B3F1FF4F04D330EE400A03B0E9
:104590005DF804FB684600F093F900F00300012881
:1045A0000AD002280FD0C0B9DDED010A9DED000A46
:1045B000012000F09DF8EAE7DDED010A9DED000A1B
:1045C00000F03EF8E3E7DDED010A9DED000A012071
:1045D00000F08EF8B1EE400AD9E7DDED010A9DED5D
:1045E000000A00F02DF8F5E7D80F493F0000000061
:1045F000B1EEC00A7047000010EE100AC0F3C752B7
:104600007F3A162A15DC002A08DA013200F000434E
:1046100001D143F07E5300EE103A70470749114133
:104620000142FAD04FF480031341034423EA01030B
:10463000F1E7802AF1D130EE000A7047FFFF7F00DA
:1046400010EE103A23F00043B3F1485FF0EE406AF9
:10465000B7EE000A04D2FDEEE67A17EE902A42B3D6
:1046600026EEA67ADFED1A7A9FED1A6A1A4AA7EEAD
:10467000276A9342DFED197AE6EE077A9FED186A12
:10468000A7EE876ADFED177AE6EE077A9FED166AE6
:10469000A7EE876A60EEE60A26EE076AF6EE007A73
:1046A000E7EE060A67EE277A04D877EEE07A30EE76
:1046B000670A70470D4A93429ABF03F17F4307EEA2
:1046C000103AB5EE027A30EE470A77EEC77AECE799
:1046D0004ED747ADF6740F319999993E7CF293B459
:1046E000010DD037610BB6BAABAA2A3D0000483F96
:1046F00010EE103A23F00043B3F1485F04D2FDEE10
:10470000C07A17EE903A5BB320EE007ADFED157AAF
:104710009FED156AA7EE276ADFED147AE6EE077AB9
:104720009FED136AA7EE876ADFED127A60EE076AE3
:10473000E6EE077A30B99FED106AA7EE276AA6EE7B
:10474000260A704767EEE67AB6EE006AE0EE867AF1
:10475000D7EE870ADFED097AE6EEA70A30EE600AA7
:10476000704700BFD3C92E2F342FD7B21BEF383676
:10477000010D50B98988083CABAA2ABEABAA2A3ED3
:1047800010EE902A22F00041B1F1FF4F10B5F0EE8B
:10479000407A06D810EE100A20F00043B3F1FF4F24
:1047A00004D977EEA07AB0EE670A10BDB2F17E5F51
:1047B00003D1BDE8104000F0B3B9941704F002042F
:1047C00044EAD07443B9022C5ED09FED347A032CB6
:1047D00008BFF0EE477AE6E741B9DFED317A9FEDA9
:1047E000317A0028B8BFF0EE477ADCE7B1F1FF4F2D
:1047F00010D1B3F1FF4F04F1FF3407D1022C46D89A
:10480000294B03EB8403D3ED007ACCE7022C41D88B
:10481000264BF6E7B3F1FF4FDFD05B1AB3F1F45F3D
:104820004FEAE3511ADA002A01DA3C3119DB87EE4C
:10483000A00A00F049FA00F073F9F0EE407A012C7A
:1048400012D0022C17D0002CADD09FED197A77EE44
:10485000877A9FED187A77EEC77AA4E7DFED107AB2
:10486000EDE7DFED157AEAE717EE903A03F1004342
:1048700007EE903A97E79FED0E7A77EE877A9FEDF5
:104880000D7A77EE677A8EE7DFED0A7A8BE7DFED58
:104890000B7A88E7DFED087A85E700BFDB0F49C0B8
:1048A000DB0FC93FDB0FC9BFDC6B0108D06B010810
:1048B0002EBDBB33DB0F494000000000DB0F493F3A
:1048C000F0B510EE106A884B26F000459D4287B087
:1048D000044605D8002380ED000A4360002022E052
:1048E000824B9D423AD826F00043002E9FED807AFD
:1048F000804A23F00F0318DD934270EE477A09BF18
:104900009FED7D7ADFED7D6ADFED7D6A77EEC77A18
:1049100037EEE67A77EEC77A80ED007A77EEE67AC0
:10492000C0ED017A012007B0F0BD934270EE077A26
:1049300009BF9FED717ADFED716ADFED716A77EE85
:10494000877A37EEA67A77EEC77A80ED007A77EE2F
:10495000A67AC0ED017A4FF0FF30E4E7694B9D4243
:1049600073D800F0B1F99FED687AF6EE007AE0EEC8
:10497000077AFDEEE77AB8EEE77A17EE900ADFEDF8
:104980005C7AA7EE670A1F28DFED5C7A67EE277A6C
:10499000B1EE476A70EE676A16EE901A09DC5B4A60
:1049A000471E26F0004352F8272023F0FF039342CE
:1049B00007D1C1F3C752C2EBD552082A4FEAE553DB
:1049C00014DC216094ED007A30EE470A002E30EEC0
:1049D000670A84ED010AA6DAB1EE477AB1EE400A21
:1049E00084ED007A84ED010A40429CE7DFED425AF3
:1049F000F0EE406AE6EE256A70EE667AE6EE257A1B
:104A0000DFED3F5AD7EE257A76EEE75A15EE902A7B
:104A1000C2F3C7515B1A192B04DCC4ED005AB0EE87
:104A2000660ACFE7DFED3A5AB0EE660AA6EE250A2F
:104A300076EEC07ADFED376AE6EE257AD7EE267A93
:104A400030EE677A84ED007ABCE7B5F1FF4F06D30C
:104A500070EE407AC0ED017AC0ED007A3EE7EA15CB
:104A6000863AA5EBC25307EE903ABDEEE77ADFED4A
:104A70002A6AB8EEC77A77EEC77A8DED037A67EEC9
:104A8000A67ABDEEE77AB8EEC77A77EEC77A8DEDF3
:104A9000047A67EEA67AF5EE407AF1EE10FACDEDE3
:104AA000057A1ED1B5EE407AF1EE10FA0CBF012363
:104AB00002231A4901910221009103A8214600F026
:104AC0000BF9002EBFF62FAFD4ED007AF1EE677A26
:104AD000C4ED007AD4ED017AF1EE677AC4ED017A83
:104AE00082E70323E5E700BFD80F493FE3CB164039
:104AF000800FC93FD00FC93F004435374344353795
:104B000008A3852E800F494384F9223FE86B0108F2
:104B100000A3852E32318D2400008043686C01088B
:104B200038B510EE105A25F00044B4F1A14FF0EE64
:104B3000407A10D3B4F1FF4F04D970EE007AB0EE92
:104B4000670A38BDDFED4D7A9FED4D7A002DC8BF65
:104B5000F0EE477AF3E74B4B9C4210D8B4F1445F38
:104B60000AD29FED497A30EE077AF7EE006AB4EE8A
:104B7000E67AF1EE10FAE2DC4FF0FF3313E000F0DA
:104B8000A3F8424B9C424FD8A3F5D0039C4241D896
:104B9000F0EE007ABFEE007AA0EE277A002330EE26
:104BA000270AC7EE007A5A1C27EEA76A9FED387ACB
:104BB000DFED385A9FED385A66EE066AE6EE875A00
:104BC0009FED367AA5EEA67ADFED355AE7EE265A46
:104BD0009FED347AA5EEA67ADFED335AE7EE265A3A
:104BE0009FED327AA6EE875A9FED317AA5EE267AAE
:104BF0009FED305AA7EE265A9FED2F7AA5EE267A22
:104C000027EE267AA5EE867A27EE877A21D177EEEF
:104C1000C77A94E7F7EE007A30EE677A30EE270A2B
:104C20000123C7EE007ABEE7244B9C420BD8F7EE77
:104C3000087AB7EE007AA0EE277A022370EE676A50
:104C4000C6EE877AAFE7BFEE007AC7EE007A03239D
:104C5000A9E71B4A1B4902EB830201EB8303D3ED57
:104C6000006A37EE667A002D37EE677AD2ED007A69
:104C700077EEC77AB8BFF1EE677A60E7DB0FC9BF9E
:104C8000DB0FC93FFFFFDF3ECAF24971FFFF973FCD
:104C9000D769853C59DA4B3D6BF16EBD356B883D6C
:104CA0006E2EBA3D2549123EABAAAA3E21A215BDE1
:104CB00095879DBD388EE3BDCDCC4CBEFFFF1B401C
:104CC000906F0108806F010810EE103A23F0004346
:104CD00000EE103A704700002DE9F04F2DED048BE7
:104CE000D9B090460190B94A669818F1040F52F86D
:104CF00020A00F4603F1FF3B27DBB8F1030248BFBA
:104D000008F10402D210551C67999FEDB47AE800AF
:104D1000A2EB0B060290A8EBC5050AEB0B0C1CAC32
:104D200001EB860E0020604511DD1CA901EB83001C
:104D30000DF588794FF0000CD44527DCDDF804E050
:104D4000DFEDA67A0646002416E00022DBE7C64225
:104D50005DBF5EF8201007EE901AF8EEE77AF0EEED
:104D6000477AE4EC017A0130DDE7FEEC016A96ED6A
:104D7000007AE6EE877A01345C45A6F10406F4DD9C
:104D8000E9EC017A0CF1010C0430D5E708A901EB3C
:104D90008A0104916799DFED908A9FED8E9A01EB6D
:104DA000820203925446A200059258AA02EB8402A2
:104DB00012ED140A44A908AA01EB84009446264681
:104DC000002EA0F104004CDC2846CDE9062300F0BB
:104DD000F5F9B0EE408AB4EE000A28EE000A00F0C1
:104DE00053FAF2EE007AA0EE678A002DDDE9062381
:104DF000FDEEC87A17EE909AF8EEE77A38EE678AF9
:104E000041DD04F1FF3C08A9C5F1080E51F82C6002
:104E100046FA0EF0814400FA0EF0361AC5F107008A
:104E200041F82C600641002E3CDD4FF0000E09F1E8
:104E300001097046744568DC002D03DD012D74D036
:104E4000022D7DD0022E2DD1B7EE000A30EE488A19
:104E500040B32846069300F0B1F9069B38EE408A2D
:104E600020E060EE287A013EFDEEE77AF8EEE77A80
:104E7000A7EEC90ABDEEC00AACEC010A90ED000A2B
:104E800037EE800A9CE705D1601E08A951F8206022
:104E9000F611C8E7F6EE007AB4EEE78AF1EE10FA02
:104EA00031DA0026B5EE408AF1EE10FA40F0988033
:104EB000601E002250454BDA002A65D0013C08AB49
:104EC000083D53F82430002BF8D02846B7EE000AEE
:104ED00000F074F9631C44AA9FED3F7A990002EB3D
:104EE00083022346002B80F2A9802346002BC0F2C8
:104EF000C78044AA02EB8305DFF8D4C0DFED377A20
:104F00000020E21AB1E002268FE752F8041B48B9EC
:104F100021B1C1F5807142F8041C01210EF1010E8E
:104F2000084687E7C1F1FF01F5E704F1FF3C08AA55
:104F300052F82C2002F07F0208A941F82C2081E7CA
:104F400004F1FF3C08AA52F82C2002F03F02F3E7DC
:104F500008A951F8201001380A43ABE7013250F894
:104F6000046D002EFAD0059901F5B0710DEB01002A
:104F7000E6181CA904F1010C4C3801EB860622440A
:104F8000624504DA14460EE704980122E7E7039924
:104F9000DDF804E051F82C10059107EE901AF8EEB8
:104FA000E77A0024E6EC017ADFED0C7AB1465C4545
:104FB00004DDE0EC017A0CF1010CE1E7FEEC016AA2
:104FC00039ED017A0134E6EE877AF0E7CC6F01081B
:104FD000A06F0108000080430000803B000000003B
:104FE000029BB0EE480AA3EB080000F0E7F81FEDC3
:104FF000077AB4EEC70AF1EE10FA19DB5FED0A7A10
:1050000060EE277A08AAFDEEE77A0835F8EEE77A2F
:10501000A7EEC70AFDEEE77ABDEEC00A10EE103A21
:1050200042F8243017EE903A013442F824304CE72D
:10503000BDEEC00A08AA10EE103AF6E708A850F82C
:105040002300019007EE900AF8EEE77A013B67EE45
:10505000807A20EE070A62ED017A43E7FCEC016AF0
:10506000B5EC017AE6EE877A0130504501DC8242E8
:10507000F4DA58A800EB820242ED287A013B35E7CA
:10508000669B022B09DC002B2BDC44D009F00700C7
:1050900059B0BDEC048BBDE8F08F669B032BF5D1B6
:1050A00030AA0B1F13441A4620460028A2F104021E
:1050B00052DC2246012AA3F104035DDC30AB5FED34
:1050C000397A0B44012C67DCDDED306A9DED317AD5
:1050D000002E67D1C7ED006A87ED017AC7ED027A2D
:1050E000D4E730AB1FED437A0B442246002A24DA82
:1050F0004EB3F1EE477AC7ED007ADDED307A77EE08
:10510000C77A31AA01239C4220DA0EB1F1EE677A08
:10511000C7ED017ABAE730AB5FED507A0B44002C53
:1051200005DA0EB1F1EE677AC7ED007AAEE733ED3E
:10513000017A013C77EE877AF1E773ED017A013A63
:1051400037EE277AD2E7F0EE477AD4E7B2EC017A6D
:10515000013377EE877AD6E7D2ED007AD2ED016A95
:1051600037EEA67A013877EEC77A82ED007A77EECD
:10517000A67AC2ED017A98E7D3ED007AD3ED016A01
:1051800037EEA67A013A77EEC77A83ED007A77EEAA
:10519000A67AC3ED017A8DE733ED017A013C77EE13
:1051A000877A8FE7F1EE666AB1EE477AC7ED006A5B
:1051B00087ED017AF1EE677A90E700BF10EE103AC2
:1051C00033F000422BD0B2F1FF4F02D330EE000A91
:1051D000704713F0FF4F23D1244BDFED257A98421F
:1051E00020EE270A17DB10EE103AC3F3C752193A24
:1051F0004CF25031884215DDDFED1E7ADFED1E6A7C
:1052000010EE103AB0EE677A002BB8BFF0EE667A77
:1052100027EE870A7047DFED197A27EE800A70477C
:10522000D20DE5E71044FE28E6DC002806DD23F079
:10523000FF4343EAC05300EE103A704710F1160FD7
:1052400009DADFED0E7ADFED0E6A10EE103AB0EEFD
:10525000677A002BD9E7193023F0FF4343EAC053A4
:105260009FED080A07EE903AD7E700BFB03CFFFF7A
:105270000000004CCAF24971CAF249F16042A20D25
:105280006042A28D0000003310EE103AC3F3C75203
:105290007F3A162A23F000412BDC002A12DADFEDD8
:1052A000197A30EE270AB5EEC00AF1EE10FA06DDE3
:1052B000002B24DA0029144B08BF4FF0004300EE06
:1052C000103A7047114911410B42FAD0DFED0D7AC7
:1052D00030EE270AB5EEC00AF1EE10FAEFDD002B32
:1052E000BEBF4FF4000040FA02F29B1823EA01030C
:1052F000E5E7B1F1FF4FE4D330EE000A7047002339
:10530000DDE700BFCAF24971000080BFFFFF7F00E8
:10531000F8B500BFF8BC08BC9E467047F8B500BFA2
:08532000F8BC08BC9E46704772
:1053280074687275737465725F636F6E74726F6C94
:105338005F7461736B00000000000000526F6C6CBA
:1053480028252E32662C20252E32662C20252E323A
:10535800662C20252E32662C20252E326629000048
:10536800506974636828252E32662C20252E3266F3
:105378002C20252E32662C20252E32662C20252E18
:1053880032662900446570746828252E32662C2000
:10539800252E32662C20252E32662C20252E3266AC
:1053A8002C20252E3266290041746D6F7370686554
:1053B8007269632050726573737572652076616CCB
:1053C80075653A20252E326600000000526F6C6C1D
:1053D800204F46465345543A20252E326600000099
:1053E8005069746368204F46465345543A20252E29
:1053F80032660000526F6C6C20504944204953209B
:105408004F4E2E00526F6C6C205049442049532057
:105418004F46462E000000005069746368205049CA
:1054280044204953204F4E2E0000000050697463F9
:105438006820504944204953204F46462E0000001A
:10544800446570746820504944204953204F4E2EBB
:105458000000000044657074682050494420495396
:10546800204F46462E0000005468727573746572AA
:105478007320456E61626C65640000005468727543
:10548800737465727320617265206265696E672046
:1054980043616C696272617465642E2E2E0000008F
:1054A80043616C6962726174696F6E2053746F70C6
:1054B800706564005468727573746572732044690A
:1054C8007361626C656400004C69676874204F4EB4
:1054D8003A202575000000004C69676874204F4623
:1054E800460000004772697070657220436C6F73E4
:1054F8006564000047726970706572204F70656E50
:105508006564000047726970706572204800000089
:105518004772697070657220560000005468727591
:1055280073746572732043616C6962726174656437
:10553800000000004D617654780000004D617652FD
:10554800780000005374617475730000494D555F0D
:105558005461736B00000000707265737375726537
:105568005F5461736B0000005468727573746572E0
:105578005461736B000000001555400049444C45C8
:1055880000000000546D722053766300546D725110
:1055980000000000982F8A4291443771CFFBC0B5B4
:1055A800A5DBB5E95BC25639F111F159A4823F92E6
:1055B800D55E1CAB98AA07D8015B8312BE8531243F
:1055C800C37D0C55745DBE72FEB1DE80A706DC9B00
:1055D80074F19BC1C1699BE48647BEEFC69DC10FAC
:1055E800CCA10C246F2CE92DAA84744ADCA9B05CE8
:1055F800DA88F97652513E986DC631A8C82703B0AB
:10560800C77F59BFF30BE0C64791A7D55163CA06B8
:1056180067292914850AB72738211B2EFC6D2C4DC4
:10562800130D385354730A65BB0A6A762EC9C281B2
:10563800852C7292A1E8BFA24B661AA8708B4BC248
:10564800A3516CC719E892D1240699D685350EF472
:1056580070A06A1016C1A419086C371E4C77482729
:10566800B5BCB034B30C1C394AAAD84E4FCA9C5B9F
:10567800F36F2E68EE828F746F63A5781478C884F0
:105688000802C78CFAFFBE90EB6C50A4F7A3F9BED2
:10569800F27871C60000000032090900000000001D
:1056A800010000007C1F2B00000000000200000029
:1056B800890C0C000000000004000000ED0E0E0331
:1056C8000C0D000005000000D91C1C0100000000A2
:1056D8000600000068030300000000000700000047
:1056E8007720200000000000080000007524240036
:1056F800000000000B00000059060601040000002D
:1057080014000000D6141403020300001500000062
:105718009F0202030001000016000000DC191900B6
:105728000000000017000000A81717030405000078
:1057380018000000181E34000000000019000000C6
:1057480017656500000000001A000000AA1618007E
:10575800000000001B000000901A1D00000000005F
:105768001C00000043101000000000001D00000095
:10577800730E1000000000001E000000271C1C0013
:10578800000000001F000000F620300000000000AC
:1057980020000000B91C1C000000000021000000CF
:1057A800681C1C000000000022000000ED16160016
:1057B8000000000023000000F4161600000000009E
:1057C80024000000DE152500000000002500000070
:1057D800D406070304050000260000000906070395
:1057E8000405000027000000FE25260320210000F4
:1057F80028000000E6040503020300002900000059
:105808001C040403020300002A0000001C0212000A
:10581800000000002B0000008402030300010000C8
:105828002C000000DD040903020300002D00000025
:10583800E8020303000100002E0000000B02020032
:10584800000000002F000000990308030001000079
:1058580030000000290D15010C0000003100000087
:10586800270C140000000000320000004E2525031C
:105878001213000033000000C404050302030000F3
:10588800360000000F1B1B0318190000370000002A
:1058980003191900000000003D000000A748480057
:1058A800000000003E000000B71A1A0000000000C7
:1058B8003F00000077B5B500000000004000000080
:1058C800BFE1E1000000000041000000762A2A0044
:1058D80000000000420000009406060302030000D6
:1058E800430000001504040000000000450000000B
:1058F800F30B1E010A000000460000007C1226037C
:105908001011000049000000262526032021000070
:105918004A00000014141400000000004B000000AE
:105928009E2323031E1F00004C0000009821210322
:105938001E1F00004D0000008F030A030809000025
:10594800500000000E040403020300005100000090
:105958006A161600000000005200000031273303C9
:105968002425000053000000162525000000000033
:10597800540000008F353503323300005500000015
:105988008C33330000000000560000000535350355
:105998003233000057000000963333000000000047
:1059A80059000000E71C1C00000000005A0000001D
:1059B800B7383800000000005B0000003F2A2A00CA
:1059C800000000005C0000003621210000000000FB
:1059D8005D0000002F51510000000000640000002D
:1059E800AF1A220000000000650000006620750064
:1059F80000000000660000009E2075000000000006
:105A080067000000D01439000000000068000000A2
:105A18003820740000000000690000005D3E3F006F
:105A2800000000006A0000008A2C2C000000000022
:105A38006B0000006C404100000000006C0000009A
:105A480020545C00000000006D000000B909090046
:105A5800000000006E00000054FEFE03010200007A
:105A68006F000000221012031011000070000000E7
:105A7800AE0C0C0000000000710000007C24270020
:105A88000000000072000000ED2C2C000000000057
:105A98007300000004404000000000007400000093
:105AA8004C16180000000000750000008006060370
:105AB8000405000076000000380E0E00000000000B
:105AC80077000000740C0C030A0B0000780000003B
:105AD800866161000000000079000000ED02020309
:105AE800000100007A000000CB0202030001000060
:105AF8007B000000FA717103000100007C000000C7
:105B080057233900000000007D000000CB06060086
:105B1800000000007E000000DC4F51034F500000E1
:105B28007F0000001923230000000000800000000F
:105B3800E223230000000000810000002E16180058
:105B480000000000820000001D0D0D000000000094
:105B580083000000DFFFFF00000000008400000059
:105B6800550E2700000000008500000006121200F4
:105B78000000000086000000E52B2B00000000005C
:105B880087000000CB080800000000008800000023
:105B9800011616000000000089000000C30E100066
:105BA800000000008A0000006D247800000000005A
:105BB8008B000000A82B2B03292A00008C00000072
:105BC800B5292900000000008D0000002F202000CA
:105BD800000000008E00000048F3F3000000000001
:105BE8008F000000830E10000000000090000000ED
:105BF8007F5D5D00000000009200000067646400A3
:105C080000000000930000009A2436000000000005
:105C180094000000B23C4E00000000009500000017
:105C2800C81E3C000000000096000000862A2A00DA
:105C38000000000097000000DB08080306070000CA
:105C480098000000D004080000000000990000003F
:105C5800BC0C0C00000000009A000000540F0F0359
:105C6800060700009B000000160D0D030405000048
:105C78009C00000013060603000100009D000000C0
:105C8800150F0F030C0D00009E000000860E0F0379
:105C98000C0D0000A00000004E0C0C0308090000C9
:105CA800A10000004403030300010000A20000005B
:105CB800BD08090000000000A30000007F1C1C00B4
:105CC80000000000A40000009A2C2C000000000036
:105CD800A50000001503030000000000A600000056
:105CE8001509090000000000A70000009016160022
:105CF80000000000A8000000010C0C0000000000DB
:105D0800A9000000EA12120000000000AA0000002A
:105D18004922220000000000AB000000B54242000A
:105D280000000000AC0000001662620000000000E5
:105D3800AD0000005308080000000000AE0000009D
:105D4800A730300000000000AF0000008A131303E2
:105D58000E0F0000B0000000EA030303000100007A
:105D6800B1000000F014140000000000B2000000B0
:105D78002F18180000000000B3000000BD1D1D0111
:105D88001A000000B4000000342D2F012A00000082
:105D9800B5000000AE04040000000000B6000000DA
:105DA800E528280000000000B700000055020203A3
:105DB80000010000B80000009FCECE0304050000DB
:105DC800B9000000BA07070304050000BA00000084
:105DD800481D1D0300010000BF0000005C1B1B00E4
:105DE80000000000C0000000242C36000000000065
:105DF800C100000047161A0000000000C2000000A1
:105E08006219210000000000C30000007825250069
:105E180000000000C8000000862A2A032829000084
:105E2800C9000000CD0E0E030C0D0000D6000000C6
:105E38004508080306070000D700000065030300B3
:105E480000000000D8000000320303030001000036
:105E5800D9000000CA06060000000000DA000000B1
:105E68001107070300010000DB000000A202020086
:105E780000000000DC0000002220200000000000DC
:105E8800DD000000472A2A0000000000DE000000B4
:105E98000F03030000000000DF000000772F2F032E
:105EA8002A2B0000E0000000662D2D032A2B00009D
:105EB800E1000000D041490000000000E2000000BD
:105EC800CF08080000000000E6000000A32A2A000E
:105ED80000000000E700000069282800000000001A
:105EE800E8000000973F410000000000E9000000C2
:105EF80023B6B60000000000EA000000962828003B
:105F080000000000EB000000B32A2A000000000097
:105F1800F10000005A20200000000000F2000000FC
:105F280068343C0000000000F300000055353D01D6
:105F380034000000F40000005F06060000000000C6
:105F4800F50000008202020000000000F6000000D8
:105F5800B826260000000000F700000051131300C7
:105F680000000000F800000008FEFE030304000023
:105F7800F9000000CC24240000000000FA00000012
:105F8800311E1E0000000000FB000000AA121200D3
:105F980000000000FC0000002C12120000000000AD
:105FA800FD0000005333360000000000FE00000032
:105FB8002E0909000000000000010000472A2A03FA
:105FC8000809000001010000830909000000000021
:105FD80002010000BB20E8030001000003010000EB
:105FE8005CEBED00000000000401000092050E00CB
:105FF8000000000005010000B31B3D000000000088
:10600800060100000C121700000000000701000044
:1060180085FFFF000000000008010000311C20007F
:1060280000000000090100001A1014000000000020
:106038000A010000C1FFFF03020300000B0100007A
:1060480023FFFF03020300000C0100000E040403F9
:10605800020300000D0100006DD5D700000000000C
:106068000E0100003B131400000000000F010000A7
:106078001634350000000000130100007E1F2000C8
:10608800000000001401000012313200000000007E
:10609800150100003E1E1E0000000000180100004F
:1060A800462121000000000019010000300D0D00FC
:1060B800000000001A0100007B23230320210000B8
:1060C8001B0100004A909100000000001C01000024
:1060D800632020031E1F00001D01000089283103D2
:1060E800262700001E010000D23539033233000094
:1060F8001F010000011717031415000020010000FC
:10610800141717031415000022010000FB2E2E009F
:1061180000000000230100000A39390000000000D7
:1061280027010000EA0C0C00000000002B01000011
:1061380013606200000000002C010000D916160050
:10614800000000002D010000F33A3A0000000000B2
:10615800360100001C11110000000000370100008A
:106168005F7474000000000040010000F314140381
:106178000203000041010000580202030001000070
:1061880042010000F3959500000000004301000063
:106198004E93930300010000440100008492920092
:1061A800000000004A010000179EA7000000000040
:1061B8004B0100005BE6E900000000004C01000014
:1061C800ECEFEF00000000004D010000E76D6D00EE
:1061D800000000004E010000480A0A00000000000C
:1061E8004F010000E11818000000000050010000F5
:1061F800F55454000000000053010000C7050500D5
:106208000000000054010000634646000000000042
:106218005E010000E814FC000000000062010000BC
:10622800D20E0E030C0D000063010000060C0C00DA
:1062380000000000680100000B19190000000000B0
:10624800690100005D2121000000000071010000CB
:106258009718180000000000720100004B576D00ED
:1062680000000000730100000A1A1A000000000074
:10627800740100001A8C8C000000000075010000F9
:10628800752A2A000000000077010000FB8C8C00B2
:10629800000000007C010000E81414000000000069
:1062A800810100009385850302030000820100003C
:1062B800841010030405000083010000044848030B
:1062C80004050000840100000825250320210000A2
:1062D800860100009CEEEE00000000008B0100002B
:1062E80000D4D400000000008C01000032A0A000FF
:1062F800000000008D010000B66C6C00000000007A
:10630800900100006EFEFE030405000091010000EC
:10631800B7060603040500009A010000A035350001
:10632800000000009B0100006A0303000000000059
:106338009C01000021060603040500009D010000E1
:106348004D070703040500009E0100006D101000B2
:10635800000000009F010000A110100000000000D4
:10636800A40100001409490306070000B301000056
:10637800862E2E0000000000B4010000C1090900AB
:1063880000000000B50100001E010100000000002F
:10639800B80100004223230000000000B9010000FA
:1063A800A911110000000000FE010000F56A6A0052
:1063B80000000000FF0100001C474700000000002B
:1063C80000020000B802020000000000421F0000A6
:1063D800DA10100000000000431F0000E729290020
:1063E80000000000441F0000AC62620000000000D2
:1063F800451F0000FB26260000000000461F000085
:10640800610E0E0000000000471F00004020200021
:1064180000000000481F0000EA21210000000000E1
:10642800491F000090101000000000004A1F0000E3
:106438009B292900000000004B1F0000146666001D
:10644800000000004C1F0000361010000000000083
:106458004D1F0000DE2E2E00000000004E1F000021
:10646800C80E0E00000000004F1F0000171818008B
:1064780000000000501F00009512120000000000EC
:106488002823000071898900000000002D230000E6
:10649800752222000000000011270000D11414000A
:1064A8000000000012270000BA292900000000009F
:1064B8001327000004010100000000001427000059
:1064C8008509090000000000152700006709090078
:1064D8000000000016270000C104040000000000AE
:1064E80017270000471111000000000018270000BE
:1064F800F00E0E0000000000A7270000C35555004D
:1065080000000000F82A0000863334030405000068
:10651800F92A00000F87880000000000FA2A00000E
:10652800EAB3B40304050000FB2A00004005050097
:1065380000000000FC2A00000BE8E803080900003E
:10654800FD2A00005DE6E60000000000022B0000C6
:106558002E31310000000000032B00006A2C2C00B3
:10656800000000000C2B0000CD10100000000000FF
:10657800162B0000902C2C0000000000172B0000A8
:10658800852C2C0000000000182B0000552C2C0036
:1065980000000000192B0000C3252503101100007E
:1065A8001A2B00004F050500000000001B2B0000FF
:1065B80080080803040500001C2B0000B1222200FB
:1065C800000000001D2B0000821C1C0000000000C1
:1065D8001E2B00002F262600000000001F2B0000A5
:1065E8008E09090000000000202B0000842C2C00DC
:1065F80000000000212B0000D02C2C00000000001F
:10660800222B0000C92C2C0000000000232B0000C6
:10661800C12C2C0000000000242B0000BD2C2C00F5
:106628000000000064320000722C2C0300010000FE
:1066380065320000FE3B3B031E1F0000663200006F
:106648008C3535030405000067320000F92E2E034F
:1066580000010000683200004D3636031C1D0000A2
:1066680069320000312B2B03000100007332000057
:106678005EF9F90300010000763200008B33330025
:10668800000000007732000007121203101100000A
:106698007832000014050500000000006842000080
:1066A80067B3B30000000000FE4200001A21210079
:1066B80000000000FF420000481010000000000029
:1066C8000143000013111100000000000243000004
:1066D8005911110000000000034300001B0A0A00C2
:1066E80000000000044300000E5B5B000000000097
:1066F80005430000BB54540000000000064300009E
:106708006A1818000000000010A40000E30101004E
:106718000000000011A40000EF2E2E000000000071
:1067280051C30000F62020000000000052C3000002
:10673800B5F6F6000000000053C300003E13130036
:106748000000000054C30000F00A0A030809000012
:1067580055C30000980606030405000020CB00007E
:106768000D6464000000000021CB0000EF0101006F
:106778000000000022CB000018010100000000000A
:1067880023CB0000A61A1A000000000024CB00004A
:10679800270101000000000025CB00009101010045
:1067A800000000006AEA0000D0212100000000007B
:1067B8006BEA0000B7070700000000006CEA000061
:1067C80063242403202100006DEA000081181803C7
:1067D800141500006EEA000086080803040500008E
:1067E80074EA0000CA0404000000000088EA0000FF
:1067F8009CF5F5000000000089EA0000BFFFFF00DB
:106808000000000092EA0000DC0E0E00000000000C
:1068180093EA0000F51818000000000094EA000050
:10682800652C2C000000000095EA00002D060600EB
:106838000000000000000000000000000102030446
:1068480006070809000000000102030400061016EC
:1068580000061016494E4600696E66004E414E000D
:106868006E616E00300030313233343536373839A6
:1068780041424344454600303132333435363738A7
:106888003961626364656600496E66696E69747928
:10689800004E614E005245454E54206D616C6C6F40
:1068A8006320737563636565646564002F62756949
:1068B8006C642F676E752D746F6F6C732D666F72B5
:1068C8002D73746D33325F31322E332E72656C3115
:1068D8002E32303234303932362D313731352F734C
:1068E80072632F6E65776C69622F6E65776C69626B
:1068F8002F6C6962632F7374646C69622F64746FA0
:10690800612E630042616C6C6F632073756363650D
:1069180065646564002F6275696C642F676E752DF8
:10692800746F6F6C732D666F722D73746D33325F75
:1069380031322E332E72656C312E3230323430398A
:1069480032362D313731352F7372632F6E65776C80
:1069580069622F6E65776C69622F6C6962632F7349
:1069680074646C69622F6D707265632E6300000039
:1069780005000000190000007D0000000000000074
:106988000080E03779C34143176E05B5B5B8934623
:10699800F5F93FE9034F384D321D30F94877825AEF
:1069A8003CBF737FDD4F1575000000000000F03F0D
:1069B80000000000000024400000000000005940D2
:1069C8000000000000408F40000000000088C34025
:1069D80000000000006AF8400000000080842E419A
:1069E80000000000D01263410000000084D79741E6
:1069F8000000000065CDCD41000000205FA00242EC
:106A0800000000E876483742000000A2941A6D4260
:106A1800000040E59C30A2420000901EC4BCD64253
:106A280000003426F56B0C430080E03779C34143FE
:106A380000A0D8855734764300C84E676DC1AB4374
:106A4800003D9160E458E143408CB5781DAF154492
:106A580050EFE2D6E41A4B4492D54D06CFF080446D
:106A6800F64AE1C7022DB544B49DD9794378EA4482
:106A7800232D302B2000686C4C006566674546471F
:106A8800004300504F534958002E002C2066756E65
:106A98006374696F6E3A2000617373657274696F0D
:106AA8006E2022257322206661696C65643A20662F
:106AB800696C6520222573222C206C696E6520255F
:106AC80064257325730A0000202020202020202020
:106AD8002028282828282020202020202020202086
:106AE80020202020202020208810101010101010A6
:106AF80010101010101010100404040404040404EE
:106B0800040410101010101010414141414141017E
:106B1800010101010101010101010101010101015D
:106B2800010101101010101010424242424242026C
:106B3800020202020202020202020202020202022D
:106B480002020210101010200000000000000000D7
:106B5800000000000000000000000000000000002D
:106B6800000000000000000000000000000000001D
:106B7800000000000000000000000000000000000D
:106B880000000000000000000000000000000000FD
:106B980000000000000000000000000000000000ED
:106BA80000000000000000000000000000000000DD
:106BB80000000000000000000000000000000000CD
:106BC800000000000000000000000080DB0F4940CA
:106BD800DB0F49C0DB0F49BFE4CB1640E4CB16C03E
:106BE800000FC93F000F494000CB9640000FC94035
:106BF8000053FB4000CB164100ED2F41000F4941E7
:106C08000031624100537B41003A8A4100CB9641F2
:106C1800005CA34100EDAF41007EBC41000FC941BB
:106C280000A0D5410031E24100C2EE410053FB41D2
:106C380000F20342003A0A420083104200CB164297
:106C480000141D42005C234200A5294200ED2F429A
:106C580000363642007E3C4200C74242000F49429D
:106C6800A2000000F9000000830000006E00000090
:106C78004E0000004400000015000000290000003C
:106C8800FC0000002700000057000000D1000000B1
:106C9800F500000034000000DD000000C000000026
:106CA800DB00000062000000950000009900000071
:106CB8003C0000004300000090000000410000007C
:106CC800FE0000005100000063000000AB0000005F
:106CD800DE000000BB000000C500000061000000ED
:106CE800B7000000240000006E0000003A00000019
:106CF800420000004D000000D2000000E00000004B
:106D080006000000490000002E000000EA00000014
:106D180009000000D1000000920000001C000000E3
:106D2800FE0000001D000000EB0000001C00000039
:106D3800B100000029000000A70000003E0000008C
:106D4800E80000008200000035000000F5000000A7
:106D58002E000000BB00000044000000840000007A
:106D6800E90000009C000000700000002600000000
:106D7800B40000005F0000007E0000004100000039
:106D88003900000091000000D60000003900000022
:106D9800830000005300000039000000F4000000E8
:106DA8009C000000840000005F0000008B000000D1
:106DB800BD000000F9000000280000003B000000B2
:106DC8001F000000F800000097000000FF0000000E
:106DD800DE00000005000000980000000F00000021
:106DE800EF0000002F000000110000008B000000E1
:106DF8005A0000000A0000006D0000001F0000009B
:106E08006D000000360000007E000000CF0000008A
:106E180027000000CB00000009000000B7000000B8
:106E28004F000000460000003F0000006600000020
:106E38009E0000005F000000EA0000002D00000036
:106E48007500000027000000BA000000C70000001D
:106E5800EB000000E5000000F10000007B000000EE
:106E68003D0000000700000039000000F7000000A6
:106E78008A0000005200000092000000EA000000B2
:106E88006B000000FB0000005F000000B100000084
:106E98001F0000008D0000005D00000008000000D9
:106EA800560000000300000030000000460000000B
:106EB800FC0000007B0000006B000000AB0000003D
:106EC800F0000000CF000000BC000000200000001F
:106ED8009A000000F4000000360000001D000000C9
:106EE800A9000000E300000091000000610000001C
:106EF8005E000000E60000001B0000000800000023
:106F08006500000099000000850000005F00000097
:106F180014000000A000000068000000400000000D
:106F28008D000000FF000000D80000008000000075
:106F38004D00000073000000270000003100000031
:106F480006000000060000001500000056000000C2
:106F5800CA00000073000000A8000000C90000007B
:106F680060000000E20000007B000000C00000009C
:106F78008C0000006B0000006937AC3168212233B7
:106F8800B40F14336821A2333863ED3EDA0F493F5A
:106F98005E987B3FDA0FC93F0000C93F0000F03917
:106FA8000000DA370000A2330000842E0000502BC6
:106FB8000000C2270000D0220000C41F0000C61B2A
:106FC800000044170400000007000000090000004A
:086FD800F891FE7F01000000AA
:046FE000B5010008EF
:046FE400910100080F
:106FE8009A99993ECDCC4C3E000000009A99993E62
:106FF800CDCC4CBE000000009A9999BECDCC4CBEB9
:10700800000000009A9999BECDCC4C3E00000000CB
:1070180000000000CDCC4CBE0000000000000000C5
:10702800CDCC4C3E000000009A9999BE00000000AB
:1070380000000000F4FD34BFF4FD34BF0000000080
:10704800F4FD34BFF4FD343F00000000F4FD343F8C
:10705800F4FD343F00000000F4FD343FF4FD34BF7C
:107068000000000000000000000000000000803F59
:1070780000000000000000000000803F0000000049
:10708800000000000000803F6666A2C10000CC41FD
:1070980000C08F440080E6440000000000000000AB
:1070A80000000000000000006666A2C10000CC419C
:1070B80000C08F440080E64400000000000000008B
:1070C80000000000000000006666A2C10000CC417C
:1070D80000C08F440080E64400000000000000006B
:1070E80000000000000000006666A2C10000CC415C
:1070F80000C08F440080E64400000000000000004B
:1071080000000000000000006666A2C10000CC413B
:1071180000C08F440080E64400000000000000002A
:1071280000000000000000006666A2C10000CC411B
:1071380000C08F440080E64400000000000000000A
:1071480000000000000000006666A2C10000CC41FB
:1071580000C08F440080E6440000000000000000EA
:107168000000000000000000DC0500000000000036
:107178000000000000000000CDCCCC3D9A99993E5B
:1071880000000000000000000000000000000000F7
:1071980000000000000000000000000000000000E7
:1071A800CDCCCC3D000070C1000070410000803F94
:1071B8009A99993E000000000000000000000000BD
:1071C80000000000000000000000000000000000B7
:1071D80000000000CDCCCC3D0000A0C10000A041C3
:1071E8000000803F9A99993E0000000000000000CE
:1071F8000000000000000000000000000000000087
:107208000000000000000000CDCCCC3D000000C212
:10721800000028420000803F00C07D440024F400A4
:107228001000000001000000AAAAAAAA000000009D
:1072380003000000ACA100205C0200200000000058
:10724800ACA1002014A200207CA2002000000000B5
:107258000000000000000000000000000000000026
:107268000000000000000000000000000000000016
:107278000000000000000000000000000000000006
:1072880000000000000000004300000000000000B3
:1072980000000000000000000000000000000000E6
:1072A8000000000000000000430000000000000093
:1072B80000000000000000000000000000000000C6
:1072C8000000000000000000430000000000000073
:1072D80000000000000000000000000000000000A6
:1072E8000000000000000000430000000000000053
:1072F8000000000000000000000000000000000086
:107308000000000000000000430000000000000032
:107318000000000000000000000000000000000065
:107328000000000000000000430000000000000012
:107338000000000000000000000000000000000045
:1073480000000000000000004300000000000000F2
:107358000000000000000000000000000000000025
:107368000000000000000000053F0108853E0108FC
:1073780000000000CF6A0108916A0108CE6A01087E
:10738800CE6A0108CE6A0108CE6A0108CE6A0108F1
:10739800CE6A0108CE6A0108CE6A0108CE6A0108E1
:1073A800FFFFFFFFFFFFFFFFFFFFFFFFFFFF0000E3
:1073B800010041534349490000000000000000005B
:1073C80000000000000000000000000000000000B5
:1073D800000041534349490000000000000000003C
:1073E8000000000000000000000000000000000095
:0473F8000000000091
:040000050800826508
:00000001FF
